pctl,beta_1,se
1.0,1.3029172834724632,0.06122454169978352
1.4924623115577889,1.2923772489883238,0.05864760171191733
1.984924623115578,1.281846935659824,0.05612937195475395
2.477386934673367,1.2713338995888284,0.053678900722260746
2.969849246231156,1.2608475668448356,0.05130648723497987
3.462311557788945,1.2503990363093225,0.04902364211878556
3.9547738693467336,1.240000884802543,0.046843005749318774
4.447236180904523,1.2296669747481315,0.0447782024843953
4.939698492462312,1.2194122646633385,0.04284360384846928
5.432160804020101,1.2092526227936147,0.04105397102736061
5.92462311557789,1.1992046442321982,0.0394239495903867
6.417085427135678,1.1892854718865618,0.03796740105882323
6.909547738693467,1.1795126216688105,0.036696580313887533
7.402010050251256,1.1699038122994563,0.03562120558657983
7.894472361809044,1.1604768001214154,0.034747513533748664
8.386934673366834,1.1512492193252957,0.034077432288850525
8.879396984924623,1.1422384279868583,0.03360802139884304
9.37185929648241,1.1334613603143868,0.03333130316707346
9.864321608040202,1.1249343854964897,0.03323454333030021
10.356783919597989,1.1166731735306774,0.03330094851401747
10.84924623115578,1.1086925683991624,0.033510665293783416
11.341708542713567,1.1010064689422014,0.03384191957857181
11.834170854271358,1.0936277177602585,0.03427213614421413
12.326633165829145,1.086567998452721,0.034778916634796236
12.819095477386936,1.0798377414770923,0.035340809089872326
13.311557788944725,1.0734460388854385,0.03593785307588961
13.804020100502514,1.0674005681655716,0.03655192042987253
14.296482412060302,1.0617075253833983,0.03716689023632678
14.78894472361809,1.0563715677901078,0.0377687014302616
15.281407035175882,1.0513957660230309,0.03834532265213824
15.77386934673367,1.0467815659939668,0.03888667133994429
16.26633165829146,1.0425287605212878,0.03938450565751144
16.758793969849247,1.0386354707249335,0.0398323053844194
17.251256281407038,1.035098137164734,0.04022515195374866
17.743718592964825,1.0319115206632903,0.04055961345100154
18.236180904522612,1.0290687127171858,0.040833637344354835
18.728643216080403,1.0265611553599638,0.04104645169234122
19.221105527638194,1.0243786703008981,0.04119847427710384
19.71356783919598,1.0225094971259756,0.041291228302056886
20.20603015075377,1.0209403403098174,0.041327262796702485
20.69849246231156,1.0196564247498114,0.04131007556722623
21.190954773869347,1.0186415594980727,0.04124403634273801
21.683417085427138,1.0178782093317198,0.041134307653041526
22.175879396984925,1.0173475737689117,0.04098676092271685
22.668341708542716,1.0170296731059856,0.04080788528965241
23.160804020100503,1.0169034410211149,0.040604686785652135
23.653266331658294,1.0169468232616652,0.0403845757990837
24.14572864321608,1.0171368819062678,0.040155241230580646
24.63819095477387,1.017449904668571,0.03992451050771358
25.13065326633166,1.0178615186885533,0.039700195682748345
25.62311557788945,1.0183468082373017,0.03948992720566255
26.115577889447238,1.018880435744338,0.03930097859363512
26.60804020100503,1.0194367655431846,0.0391400869888469
27.10050251256282,1.0199899897190563,0.03901327631207461
27.592964824120603,1.0205142554340314,0.03892569111921094
28.085427135678394,1.0209837930990653,0.03888145006400146
28.57788944723618,1.0213730447594682,0.038883527809040974
29.070351758793972,1.021656792059948,0.03893367315825304
29.562814070351763,1.0218102831584512,0.039032369121584816
30.05527638190955,1.0218093579633754,0.03917883776993766
30.54773869346734,1.0216305710772602,0.039371089464772004
31.040201005025125,1.0212513118414426,0.03960601281435508
31.532663316582916,1.0206499208904718,0.03987949896988132
32.02512562814071,1.019805802640603,0.04018659197358903
32.517587939698494,1.0186995331573478,0.04052165597815134
33.01005025125628,1.0173129628689443,0.04087855025297376
33.502512562814076,1.0156293136166918,0.041250803804549804
33.99497487437186,1.013633269559851,0.04163178289859968
34.48743718592965,1.0113110614819856,0.04201484649293732
34.97989949748744,1.0086505440766904,0.04239348631809033
35.472361809045225,1.0056412658235943,0.04276144989169584
35.96482412060302,1.002274531100661,0.04311284601400196
36.45728643216081,0.9985434542151037,0.04344223322561528
36.949748743718594,0.9944430050733518,0.04374469232653834
37.44221105527639,0.989970046249896,0.04401588440014561
37.93467336683417,0.9851233612552367,0.04425209591359146
38.42713567839196,0.979903673845131,0.04445027243509667
38.91959798994975,0.9743136582529895,0.0446080423693882
39.41206030150754,0.9683579402734457,0.04472373190819711
39.90452261306533,0.9620430891666805,0.044796372152349745
40.39698492462312,0.9553776003961116,0.04482569910815083
40.88944723618091,0.948371869255381,0.04481214700738825
41.381909547738694,0.9410381554837469,0.04475683515635428
41.87437185929648,0.9333905390112976,0.04466154829062356
42.366834170854275,0.9254448670175384,0.04452871020416004
42.85929648241206,0.9172186925277773,0.04436135023929664
43.35175879396985,0.9087312048119843,0.04416306207641235
43.844221105527645,0.9000031518895026,0.04393795416001325
44.33668341708543,0.89105675548056,0.0436905910567922
44.82914572864322,0.881915618781587,0.04342592508028022
45.321608040201006,0.8726046274753448,0.04314921765785168
45.814070351758794,0.8631498444182553,0.042865950181386094
46.30653266331659,0.8535783984797755,0.04258172449250807
46.798994974874375,0.8439183680353117,0.042302153715465224
47.29145728643216,0.8341986596399735,0.04203274486025308
47.78391959798996,0.8244488824341046,0.04177877544623924
48.27638190954774,0.8146992188521822,0.04154516728503501
48.76884422110553,0.8049802922249908,0.04133636142377032
49.26130653266332,0.7953230318803267,0.041156198974445814
49.753768844221106,0.785758536360198,0.041007813017837916
50.2462311557789,0.7763179353822129,0.04089353685593294
50.73869346733668,0.7670322511798642,0.04081483351274017
51.231155778894475,0.7579322598601392,0.04077225052414991
51.72361809045226,0.7490483534180247,0.04076540276036181
52.21608040201006,0.7404104030452336,0.04079298440975941
52.70854271356784,0.7320476243663985,0.040852809498777516
53.20100502512564,0.723988445227004,0.04094187863309231
53.69346733668342,0.7162603766469657,0.0410564682138958
54.185929648241206,0.7088898875400791,0.041192237356434305
54.678391959799,0.701902283783117,0.0413443471937125
55.17085427135678,0.6953215921990767,0.04150758718810474
55.66331658291458,0.6891704499973734,0.041676503433921014
56.15577889447236,0.6834700001892118,0.04184552460694965
56.64824120603016,0.6782397934697453,0.04200908207649774
57.140703517587944,0.6734976970293434,0.042161721620159624
57.633165829145725,0.6692598107250755,0.04229820507148423
58.125628140703526,0.6655403910101181,0.04241360101538588
58.618090452261306,0.6623517829831824,0.04250336428553388
59.1105527638191,0.6597043608839177,0.042563404497846596
59.60301507537689,0.6576064773223296,0.04259014418014645
60.09547738693468,0.6560644214877674,0.04258056724768456
60.58793969849246,0.6550823865438304,0.04253225864951251
61.08040201005025,0.6546624463732447,0.042443435996050084
61.572864321608044,0.6548045417935187,0.042312973894792556
62.06532663316583,0.6555064763208347,0.042140421586131925
62.557788944723626,0.6567639215154217,0.04192601429775865
63.050251256281406,0.6585704318975658,0.041670678532694246
63.5427135678392,0.6609174693791054,0.04137603127833794
64.03517587939699,0.6637944371111972,0.041044372875623875
64.52763819095478,0.6671887226053292,0.04067867302200418
65.02010050251256,0.6710857499416563,0.04028254910482072
65.51256281407035,0.6754690408356251,0.03986023578248594
66.00502512562815,0.6803202842941022,0.03941654446591525
66.49748743718592,0.6856194145510843,0.03895681112905092
66.98994974874373,0.691344696932781,0.03848683073366857
67.48241206030151,0.6974728212662166,0.038012776542155506
67.9748743718593,0.7039790024093475,0.03754110277875442
68.46733668341709,0.7108370874467329,0.03707842955738876
68.95979899497488,0.7180196690629226,0.036631409791680856
69.45226130653268,0.7254982045760354,0.03620657898718709
69.94472361809045,0.7332431400864793,0.03581019038730171
70.43718592964825,0.7412240391707716,0.03544803982885199
70.92964824120604,0.7494097155278494,0.03512528669152607
71.42211055276381,0.7577683689652166,0.03484627922684078
71.91457286432161,0.7662677240952415,0.034614393981185966
72.4070351758794,0.7748751710971493,0.03443189962026437
72.89949748743719,0.7835579078891675,0.0342998549273809
73.39195979899498,0.7922830830456844,0.03421804896178164
73.88442211055278,0.8010179387888299,0.034184988438896884
74.37688442211055,0.8097299533812261,0.03419793369390599
74.86934673366834,0.8183869822463672,0.03425298065987993
75.36180904522614,0.8269573971462914,0.034345182737483784
75.85427135678393,0.8354102227518413,0.03446870377378829
76.34673366834171,0.8437152699498449,0.034616991918063195
76.8391959798995,0.8518432652428696,0.03478296394190348
77.3316582914573,0.859765975611773,0.03495919052757609
77.82412060301507,0.8674563282282248,0.03513807471695168
78.31658291457286,0.874888524424093,0.035312017795773434
78.80904522613066,0.8820381473466608,0.03547356902004364
79.30150753768844,0.8888822627538608,0.03561555751702853
79.79396984924624,0.895399512428451,0.03573120626305578
80.28643216080403,0.9015701997211285,0.03581422920196333
80.77889447236181,0.9073763667629517,0.03585891334010244
81.2713567839196,0.912801862919931,0.03586018809796572
81.76381909547739,0.9178324040967796,0.03581368439413248
82.25628140703517,0.9224556225330452,0.03571578596283525
82.74874371859296,0.9266611067714834,0.035563675329402654
83.24120603015076,0.9304404315172299,0.0353553767392598
83.73366834170855,0.9337871771448194,0.035089798189139695
84.22613065326634,0.936696938650421,0.03476677455918464
84.71859296482413,0.9391673238863344,0.03438711368892289
85.21105527638191,0.9411979409556168,0.03395264705709895
85.7035175879397,0.9427903746851671,0.033466286470257636
86.19597989949749,0.9439481521361935,0.03293208776429837
86.68844221105529,0.94467669714878,0.03235532186521569
87.18090452261306,0.9449832739596754,0.0317425524814521
87.67336683417086,0.9448769199693993,0.031101717993685225
88.16582914572865,0.9443683677720635,0.030442212499966207
88.65829145728642,0.9434699565969505,0.029774957171617128
89.15075376884423,0.9421955333461804,0.029112447846070793
89.64321608040201,0.9405603434448477,0.028468758134695463
90.1356783919598,0.9385809117513467,0.027859469818264905
90.62814070351759,0.9362749138040017,0.027301495497632625
91.12060301507539,0.9336610377064674,0.02681275536433126
91.61306532663318,0.9307588369781554,0.026411675087109718
92.10552763819095,0.9275885747168402,0.026116490320657854
92.59798994974875,0.9241710594390368,0.02594437842391993
93.09045226130654,0.9205274729779905,0.0259104868233224
93.58291457286433,0.916679190831426,0.026026977830002636
94.07537688442211,0.9126475953597264,0.026302241053265618
94.56783919597991,0.9084538822396273,0.02674041656573674
95.06030150753769,0.904118860579098,0.027341317959864855
95.55276381909547,0.8996627470967572,0.028100759579254744
96.04522613065328,0.8951049547623607,0.02901120802813975
96.53768844221105,0.8904638762833649,0.03006262497040304
97.03015075376885,0.8857566628082256,0.03124335930160331
97.52261306532664,0.8809989981972295,0.03254097437473551
98.01507537688443,0.8762048691876685,0.03394294088937053
98.50753768844221,0.8713863317523386,0.03543716982677943
99.0,0.8665532739173375,0.037012391765884146
