pctl,beta_1_mixedlm,beta_1_ols,gate_diff,se_model,se_iid,se_cluster,factor_vs_model,factor_vs_iid,t_model,t_cluster,sig_model,sig_cluster
2,2.591474227144837,2.301013455948082,0.29046077119675484,0.2533304502802401,0.1790459966412032,0.2879160901380132,1.1365238163020421,1.6080565638950242,6.282206601631627,4.518724380163812,True,True
4,1.5804369785889865,1.549435845501774,0.031001133087212418,0.1063871736996539,0.08679529287529122,0.19300428884143608,1.8141687773971191,2.2236723035055315,5.4558924577472325,2.8467545918275765,True,True
6,1.467120253934065,1.4096879377984086,0.05743231613565647,0.0619003679915218,0.06397794737499254,0.15777022803394194,2.5487768999297544,2.4660095315219595,7.54632434492222,2.596737945452359,True,True
8,1.5041588880568433,1.414957492098845,0.08920139595799825,0.1118740528150874,0.05408308019924384,0.14069026038059687,1.2575772204582483,2.6013729222205786,4.506486315376001,2.9494400747876743,True,True
10,1.485253923721853,1.4050043426275538,0.08024958109429914,0.108092916585569,0.04777689826579995,0.127849847204236,1.1827772923772202,2.6759762949231582,4.489229628083113,3.167812488509059,True,True
12,1.4305575805053437,1.3757790091473656,0.054778571357978034,0.0913848245944815,0.042735419519577315,0.11573511765043343,1.266458825784324,2.708177875670896,4.711477889419115,3.246888384235883,True,True
14,1.450879860535605,1.4159160303255651,0.0349638302100399,0.0744916507687584,0.03920708863629393,0.10593678656302707,1.4221296678185131,2.70198043893934,6.0527569987038445,3.926077463923412,True,True
16,1.429150576032559,1.4262321287455066,0.0029184472870522615,0.0387925750375619,0.03641585062237732,0.09809097529059399,2.528601805773783,2.6936340525935063,11.06269887000342,4.345273634835379,True,True
18,1.4283583964878095,1.4135472744586803,0.014811122029129153,0.0518457372392779,0.03405025737849661,0.09155114427273692,1.7658374467742843,2.6887063805442253,8.262171960461366,4.517117483826261,True,True
20,1.381974764390061,1.37445608502947,0.00751867936059103,0.0489714395708587,0.03200867641080846,0.08600577097201029,1.7562434701876624,2.686951808571768,7.799949679595732,4.353848361539983,True,True
22,1.3449402553987977,1.3449368038504288,3.451548368893498e-06,0.0428592528906866,0.03016810249483067,0.0803339159766822,1.8743657567147867,2.6628759959446398,8.04820971281452,4.2937879929885465,True,True
24,1.311588161190867,1.3167854984308474,0.005197337239980282,0.0392774431616438,0.028775557744474194,0.07673424344362588,1.9536466039255922,2.666646607687778,7.933005208830575,4.128345888541655,True,True
26,1.2706242809586998,1.2769422004961806,0.006317919537480732,0.037834243151226,0.02762314150744652,0.07364270581816973,1.9464564290030835,2.665978661345143,7.1528926818225615,3.7606195674012173,True,True
28,1.2583775371566424,1.2631907783464351,0.004813241189792761,0.0327867193908363,0.026565761255203515,0.0705276810202186,2.1511051526530793,2.6548338044107105,7.880554747690231,3.7317373056826386,True,True
30,1.2270464936437382,1.2335019291680216,0.006455435524283404,0.031717317317268,0.025517975937329653,0.06757811288083926,2.1306377271714405,2.6482552161192694,7.15843939046277,3.4552892824893826,True,True
32,1.2121072367775851,1.218045896792056,0.0059386600144708535,0.0306305804023898,0.024730102915232935,0.0652737891621069,2.1310007288341892,2.639446725549224,6.924688791108787,3.3404816786496165,True,True
34,1.2078778332490905,1.2135469070096079,0.005669073760517396,0.0290861760121181,0.024011199436703705,0.06332979371795439,2.1773159074458412,2.6375106285256193,7.146963325893472,3.3719817241259387,True,True
36,1.2025179243843471,1.2077662015969606,0.00524827721261345,0.0294670138004225,0.02334999040897001,0.06152897095529135,2.0880626510722013,2.635074784941012,6.872699275060014,3.3767215406207467,True,True
38,1.1876737408018152,1.1932283664510794,0.005554625649264233,0.027872984198004,0.022764807814645096,0.059861260606062366,2.147644478281198,2.6295526451821094,6.733177167848954,3.2279368074569166,True,True
40,1.175524938339045,1.1812092236008491,0.005684285261804201,0.0272978044488253,0.022262329140284882,0.0585354074729449,2.1443265733213153,2.6293478595203204,6.430002041669628,3.0957198629667713,True,True
42,1.174736659256134,1.1806199498748398,0.00588329061870585,0.0269097170174505,0.02181243137748786,0.05734941526918451,2.1311786828525316,2.6292078254225983,6.493440980550636,3.1494645416531744,True,True
44,1.1682630658537796,1.1743650915211779,0.006102025667398259,0.0263367901905765,0.021273141582347155,0.05595232151980048,2.1244928146111226,2.6301861106509414,6.388897987803592,3.116315584143784,True,True
46,1.1552386286228835,1.1622468451644319,0.007008216541548373,0.0265701057357132,0.02085527144626594,0.054742721661218324,2.060312525878961,2.6248865569678217,5.842604849487874,2.9638066986971396,True,True
48,1.142002323702597,1.1490684920894718,0.007066168386874905,0.0265435217227718,0.020500385224493812,0.05371972690812843,2.023835701576933,2.6204252417629803,5.349792133301306,2.774930191741462,True,True
50,1.1273477317077716,1.1343606142022105,0.007012882494438877,0.0247813105959772,0.020121580652883463,0.05276940838091283,2.1294034541288145,2.622527985809647,5.1388618537570085,2.546183827423957,True,True
52,1.1282753423422618,1.1353744910551573,0.00709914871289552,0.0244145077920923,0.019885250842553073,0.052147345713996845,2.135916323116988,2.6224132713681994,5.254062192636517,2.595999646801227,True,True
54,1.119040960187915,1.126579931990632,0.007538971802717009,0.0222979417700316,0.01965826542362828,0.05156499837743502,2.312545207501542,2.62306959776097,5.338652392926502,2.4547645878725306,True,True
56,1.1122711338007976,1.1212191343581053,0.008948000557307711,0.0257017085858033,0.01942632358046168,0.05092141340526912,1.981246236423219,2.6212583762624084,4.368236198227386,2.380513938082521,True,True
58,1.1082850258130563,1.1167109649850997,0.008425939172043373,0.0257651566859187,0.019208838002797962,0.05035002091449085,1.9541903636863343,2.6211903555622085,4.20276993200809,2.317992383425406,True,True
60,1.1049335790463837,1.1132613955263513,0.008327816479967609,0.0191776135847669,0.019037846080039996,0.049956098905308506,2.604917378509987,2.624041537854662,5.471670319279672,2.2672185780766747,True,True
62,1.0926475769748234,1.1007535423188388,0.00810596534401542,0.0231955991211695,0.01886806438268869,0.049553046367742576,2.1363124146475663,2.626291990672193,3.9941877116796887,2.0332461817004677,True,True
64,1.087073026768317,1.0953664871806954,0.008293460412378328,0.0227889297902704,0.018713796763576138,0.04910393476712244,2.1547275461828432,2.6239429329860293,3.8208475593045352,1.9421353427780308,True,False
66,1.0895355006938237,1.0974474353699035,0.007911934676079868,0.0230504498553907,0.01857225609436474,0.04878627111559492,2.116499739556515,2.626836011075565,3.884327692324166,1.997435613371846,True,True
68,1.0893217212036348,1.0972212266387156,0.007899505435080778,0.0230447399638944,0.01842136959799316,0.048359011597511374,2.0984837179017157,2.6251583162839127,3.876013413194533,2.0104055775143,True,True
70,1.0838552140258542,1.091635787794498,0.007780573768643828,0.0229545786902496,0.018277949088201163,0.04794448514878018,2.088667615979618,2.6230779458582387,3.653093143524925,1.9112894321450322,True,False
72,1.0810588793646032,1.0886053153728896,0.007546436008286417,0.022872391240682,0.01816527292718062,0.04778681415240211,2.089279325871536,2.63066865793681,3.5439617358602957,1.8541791693898826,True,False
74,1.0798310749852278,1.0872656638082754,0.007434588823047594,0.0232358273816998,0.01807041533462868,0.047669819859492,2.051565415614856,2.638003553141439,3.435688933035437,1.8306270941550258,True,False
76,1.079698956496032,1.0867527219755555,0.007053765479523522,0.0229970844978931,0.017943172436315463,0.04741064645912625,2.0615937843542658,2.6422666686951697,3.4656113257893053,1.8298152093400986,True,False
78,1.0815144284607388,1.0884304777851341,0.006916049324395379,0.0224551780599037,0.01783638832050813,0.04709109231921944,2.0971150704570003,2.6401697178275993,3.630094949293327,1.8778599822166946,True,False
80,1.0847665254284176,1.0911002738192401,0.006333748390822569,0.0225417437564283,0.017739219407792026,0.04682845369302619,2.077410434570838,2.639826060917686,3.7604244970730987,1.945404271010704,True,False
82,1.0877974502417556,1.0939607772052544,0.006163326963498861,0.0228039092180872,0.017665257847166237,0.04674047846964909,2.0496695554539532,2.6458984563956953,3.8501052342428177,2.010265625891438,True,True
84,1.076804608550565,1.0836770061184828,0.0068723975679179095,0.0213765514533629,0.017578429757352014,0.04666352930134795,2.182930647310138,2.6545903101402653,3.5929372760676155,1.7931992579923801,True,False
86,1.0759493019283943,1.0828848341697368,0.006935532241342468,0.0219032271344242,0.01746700509136201,0.04644430333693843,2.1204319825522084,2.658973481372981,3.46749369224358,1.7846071146429754,True,False
88,1.0796671059283058,1.0863320979565498,0.006664992028243999,0.0216727385531563,0.01737126103175854,0.04631106297930717,2.1368348474153804,2.6659586137494693,3.675913209256315,1.8641787167598587,True,False
90,1.0805151875166668,1.0873049754056747,0.00678978788900797,0.0217336806583446,0.017271477543551832,0.046284291495443726,2.129611280437811,2.6798107677083824,3.704627337742405,1.8862765872578846,True,False
92,1.079225053664955,1.0803613133340586,0.0011362596691035787,0.0198233714388532,0.01715928615716407,0.04619664184195837,2.3304129665559494,2.692223989904795,3.996547908580089,1.7395488098243101,True,False
94,1.0606048353252693,1.068249888777605,0.007645053452335793,0.0148875156971374,0.017041182540070393,0.04616245977325487,3.100749696077975,2.7088765503631644,4.070849465967146,1.478471665349752,True,False
96,1.0568321052794265,1.058216704524678,0.0013845992452514722,0.0194832334709363,0.01689715639333516,0.045978416809220116,2.359896619717022,2.7210742292327743,2.916975016708833,1.2661746220240384,True,False
98,1.0511233073373465,1.052443737651985,0.0013204303146385765,0.018668065158762,0.01671143990415793,0.045809977852481115,2.453922110453951,2.741234634191112,2.7385434378212126,1.1448103690612166,True,False
100,1.03132201138754,1.0326672141183015,0.0013452027307614411,0.0181498383451866,0.0164177687409842,0.045232026151140914,2.492144849495952,2.755065372447765,1.7257460254926624,0.7222142560924734,False,False
