hours,beta_1,se,k
181.14999999999998,0.9310289116028452,0.22437746656309848,6
172.88446830534969,0.936020514309547,0.2150910750238342,6
164.99607718036705,0.9410144140274237,0.20584206736422997,6
157.46761841455262,0.9460129077676509,0.19664782357360824,6
150.28266897548787,0.9510182925414028,0.187525949873551,6
143.42555518264473,0.956032865359855,0.17849431002978852,6
136.88131851587718,0.9610589232341823,0.1695710616821034,6
130.6356829840058,0.9660987631755601,0.16077469821764057,6
124.67502398231335,0.971154682195163,0.15212409659048773,6
118.9863385710128,0.9762289773041662,0.14363857121610216,6
113.55721710985311,0.9813239455137446,0.13533793354392246,6
108.37581618698381,0.9864418838350737,0.12724255598176795,6
103.43083278302517,0.9915850892793281,0.11937343727884328,6
98.71147961398209,0.996755858857683,0.11175226392772536,6
94.20746159921426,1.0019564895813133,0.10440145813470973,6
89.90895340312895,1.0071892784613943,0.09734419678684345,6
85.80657800160316,1.0124565225091007,0.09060437684066869,6
81.89138622637975,1.017760518735608,0.08420648993799235,6
78.1548372428137,1.0231035641520907,0.07817535256035002,6
74.58877991838251,1.0284879557697244,0.07253561881150349,6
71.18543504131559,1.0339159905996835,0.06731098514076868,6
67.93737835055398,1.0393899656531436,0.06252298945327589,6
64.83752434002155,1.0449121779412796,0.05818932774852673,6
61.87911080187577,1.050484924475266,0.05432168220473373,6
59.05568407502139,1.056110502266279,0.05092319444774615,6
56.361084966705945,1.0617912083254926,0.04798592090321487,6
53.789435316486866,1.067529339664082,0.04548881722580321,6
51.33512517325883,1.0733271932932227,0.04339690388508353,6
48.9928005573692,1.0791870662240892,0.04166214733840886,6
46.75735178112512,1.0851038272168372,0.04022676413737247,6
44.62390230221373,1.0910419643257954,0.039032128554483556,6
42.58779808571954,1.0969581997693665,0.0380258973443993,6
40.64459745153306,1.1028092557628664,0.03716374679793431,6
38.79006138500284,1.1085518545216109,0.03640994992270986,6
37.02014428969416,1.1141427182609156,0.03573725411100906,6
35.33098516208173,1.1195385691960966,0.035126243050826254,6
33.71889916892465,1.1246961295424693,0.034564364380430826,6
32.180369608949704,1.1295721215153498,0.034044769532920495,6
30.712040241307797,1.1341232673300534,0.03356506935968705,6
29.310707964068467,1.1383062892018967,0.03312607343989894,6
27.97331582678088,1.1420779093461944,0.03273055838973101,6
26.696946361858345,1.145394849978263,0.032382100856375,6
25.478815220239152,1.148213833313418,0.03208401070085111,6
24.31626509744023,1.1504915815669752,0.03183840400339776,6
23.206759936753457,1.1521848169542501,0.03164545853291653,6
22.14787939693907,1.1532502616905589,0.03150289179309852,6
21.137313572347903,1.1536446379912166,0.03140569159881286,6
20.17285795395429,1.1533246680715403,0.031346112397492215,6
19.252408620307666,1.1522470741468447,0.03131393120704892,6
18.37395764791181,1.1503685784324458,0.0312969406018724,6
17.535588731019857,1.1476459031436597,0.03128164767328751,6
16.735473001289822,1.1440357704958013,0.031254150215528055,6
15.97186503818121,1.1395106324180584,0.031202484875737024,6
15.24309906138981,1.134112795995831,0.031122762456677288,6
14.547585297014367,1.1279039531784343,0.031016124916108032,6
13.88380650952831,1.1209457966547154,0.030886574819867965,6
13.250314691990924,1.113300019113522,0.03074025866526238,6
12.645727907278028,1.105028313243701,0.030584819475065014,6
12.068727273441267,1.0961923717341002,0.03042879983324289,6
11.518054086619744,1.0868538872735658,0.030281081615941667,6
10.992507075227799,1.0770745525509466,0.030150355887566645,6
10.490939779428942,1.066916060255089,0.03004462463627854,6
10.012258050179499,1.05644010307484,0.029970743997630694,6
9.555417662386091,1.0457083736990478,0.029934025003133337,6
9.119422036970288,1.0347825648165596,0.029937911338852947,6
8.703320066871091,1.0237243691162219,0.029983753109290242,6
8.306204042242834,1.0125954792868825,0.0300706909424817,6
7.927207670322383,1.0014575880173888,0.03019565673378149,6
7.565504185646012,0.9903723879965882,0.03035348763254104,6
7.220304546493565,0.9794015719133279,0.030537140728395296,6
6.890855713625388,0.9686068324564547,0.03073798930953042,6
6.576439007557312,0.9580498623148167,0.03094617880446104,6
6.276368540789996,0.9477923541772607,0.03115102183335926,6
5.989989721572743,0.9378960007326342,0.0313414165607325,6
5.7166778259376985,0.9284224946697845,0.031506279651011465,6
5.455836634889437,0.9194226885617125,0.03163604558170882,6
5.206897133777031,0.9108951477001775,0.03172739868130003,6
4.9693162710112695,0.9028226926527547,0.031780320183164235,6
4.742575773419303,0.8951881408140602,0.03179634186551818,6
4.526181015652382,0.8879743095787103,0.03177824492894715,6
4.3196599411804035,0.8811640163413216,0.031729800729685766,6
4.1225620325194186,0.8747400784965098,0.03165554358232782,6
3.9344573284457165,0.8686853134388919,0.03156056734647646,6
3.754935486052579,0.8629825385630834,0.03145033897594849,6
3.5836048856035885,0.8576145712637011,0.03133052379056135,6
3.420091776229811,0.8525642289353614,0.03120681887005769,6
3.2640394606071763,0.8478143289726804,0.03108479263678841,6
3.1151075168355074,0.8433476887702742,0.030969730350987504,6
2.972971055821725,0.8391471257227594,0.030866486824855797,6
2.837320012547243,0.8351954572247522,0.030779349069518513,6
2.707858469673521,0.8314755006708688,0.03071191269468285,6
2.584304012010185,0.8279700734557255,0.030666976549733917,6
2.4663871104375543,0.8246619929739389,0.030646460216228508,6
2.3538505339396325,0.8215340766201248,0.030651348482796666,6
2.2464487884649014,0.8185691417888996,0.030681665887575885,6
2.1439475813908464,0.81575000587488,0.030736482929227617,6
2.0461233104239414,0.813059486272682,0.030813953835464116,6
1.9527625758201776,0.8104804003769219,0.030911384092687965,6
1.8636617148620307,0.8079976114692999,0.0310254141140546,6
1.7786263575763646,0.8056067063881174,0.03115275247259438,6
1.6974710027240996,0.8033067734551177,0.03129042668581962,6
1.6200186131366536,0.8010969029488195,0.03143572584729153,6
1.5461002295164263,0.7989761851477405,0.03158619659671616,6
1.475554601858827,0.796943710330399,0.031739636269754935,6
1.4082278376918318,0.7949985687753133,0.03189408397123935,6
1.3439730663656908,0.7931398507610016,0.032047810256096834,6
1.2826501186604633,0.7913666465659819,0.03219930598306854,6
1.2241252210124645,0.7896780464687724,0.032347270794139044,6
1.1682707036925677,0.7880731407478909,0.032490601571752965,6
1.1149647222997874,0.7865510196818566,0.032628381138313935,6
1.064090991962576,0.7851107735491866,0.032759867388496296,6
1.0155385336680216,0.7837514926283995,0.032884482983868105,6
0.9692014321655565,0.7824722671980138,0.03300180568995347,6
0.9249786049170616,0.7812721875365466,0.03311155939660715,6
0.8827735815893477,0.7801503439225174,0.03321360583182614,6
0.8424942936079693,0.7791058266344437,0.03330793695534358,6
0.8040528733133044,0.7781377259508436,0.033394668000150625,6
0.7673654622807583,0.7772451321502356,0.03347403111626325,6
0.7323520283869599,0.7764271355111375,0.0335463695605798,6
0.6989361912228758,0.7756828263120679,0.03361213236873747,6
0.667045055472996,0.7750112948315443,0.03367186943882244,6
0.6366090518971097,0.7744116313480855,0.03372622695213205,6
0.607561785567787,0.7738829261402097,0.033775943052584544,6
0.5798398910324915,0.7734242694864346,0.03382184370360929,6
0.5533828940843732,0.7730347516652786,0.03386483863932736,6
0.5281330798402016,0.7727134629552599,0.03390591732555577,6
0.5040353668376487,0.7724594936348965,0.033946144845733384,6
0.4810371868772778,0.7722719339827068,0.033986657627450526,6
0.4590883703471119,0.772149874277209,0.03402865892711071,6
0.43814103677962973,0.7720924047969211,0.03407341399365812,6
0.4181494904024346,0.7720986158203613,0.03412224483759554,6
0.3990701204547493,0.7721675976260478,0.03417652453902769,6
0.3808613060522838,0.7722984404924987,0.03423767103850542,6
0.3634833253929349,0.772490234698232,0.0343071403672663,6
0.34689826910526095,0.7727420705217667,0.034386419289217,6
0.33106995755069923,0.7730530382416197,0.03447701734568681,6
0.31596386189912967,0.7734222281363102,0.03458045831541996,6
0.30154702880560874,0.773848730484356,0.03469827112606385,6
0.28778800852396164,0.7743316355642753,0.03483198027890103,6
0.2746567863004171,0.7748700336545861,0.034983095874861224,6
0.26212471689761896,0.775463015033807,0.03515310335579594,6
0.25016446210618387,0.7761096699804555,0.03534345309926962,6
0.23874993110748777,0.7768090887730502,0.03555555002626781,6
0.22785622355758706,0.7775603616901097,0.035790743397778345,6
0.2174595752681112,0.7783625790101513,0.03605031698680532,6
0.20753730636563406,0.7792148310116934,0.03633547981590608,6
0.19806777181643453,0.7801162079732541,0.03664735764603849,6
0.18903031420871994,0.7810658001733527,0.03698698539008187,6
0.18040521868930595,0.7820626978905059,0.037355300604095754,6
0.17217366995645045,0.7831059914032327,0.03775313818200763,6
0.16431771121502456,0.7841947709900507,0.038181226346288503,6
0.15682020500447982,0.7853281269294786,0.038640183990020366,6
0.1496647958141621,0.7865051495000345,0.039130519386599186,6
0.14283587440441703,0.7877249289802362,0.03965263024427952,6
0.13631854375565747,0.7889865556486021,0.04020680504591299,6
0.1300985865711091,0.7902891197836501,0.040793225581391195,6
0.1241624342623445,0.7916317116638992,0.04141197055293086,6
0.11849713734994957,0.7930134215678666,0.04206302011243456,6
0.11309033721475037,0.7944333397740709,0.04274626117622572,6
0.10793023913797868,0.7958905565610304,0.043461493355503165,6
0.1030055865715633,0.7973841622072628,0.044208435340475194,6
0.09830563658242004,0.7989132469912867,0.044986731581552586,6
0.09382013641717164,0.8004769011916206,0.04579595912120764,6
0.08953930113617498,0.8020742150867818,0.046635634444010254,6
0.08545379226806628,0.8037042789552888,0.04750522022877503,6
0.08155469743825804,0.8053661830756603,0.04840413190459137,6
0.0778335109269496,0.8070590177264139,0.049331743930774025,6
0.07428211511423853,0.8087818731860674,0.05028739573864226,6
0.07089276277185708,0.8105338397331401,0.051270397289860034,6
0.06765806016290264,0.8123140076461491,0.05228003422138754,6
0.06457095091269548,0.8141214672036134,0.053315572560602036,6
0.06162470061557932,0.8159553086840504,0.05437626300570201,6
0.05881288214408384,0.817814622365979,0.055461344776082985,6
0.0561293616284026,0.8196984985279165,0.05657004904503246,6
0.05356828507560078,0.8216060274483821,0.05770160197297749,6
0.051124065599363284,0.8235362994058931,0.058855227363803955,6
0.04879137123242474,0.8254884046789682,0.060030148969661454,6
0.04656511329509626,0.8274614335461256,0.06122559247137784,6
0.04444043529451332,0.8294544762858828,0.06244078716234585,6
0.04241270233039046,0.8314666231767585,0.06367496736369617,6
0.04047749098417125,0.8334969644972712,0.064927373597921,6
0.03863057966951716,0.8355445905259382,0.0661972535470074,6
0.0368679394230855,0.8376085915412785,0.06748386281971425,6
0.03518572511550637,0.8396880578218101,0.06878646555099305,6
0.033580267063386744,0.8417820796460506,0.07010433485479493,6
0.03204806302404231,0.8438897472925184,0.07143675314970448,6
0.030585770555494857,0.8460101510397322,0.07278301237503942,6
0.029190199725068446,0.8481423811662097,0.07414241411330591,6
0.027858306150678577,0.8502855279504692,0.07551426963322387,6
0.02658718435963416,0.8524386816710285,0.0768978998659599,6
0.025374061450464596,0.8546009326064066,0.07829263532573841,6
0.024216291043946136,0.8567713710351209,0.0796978159846486,6
0.023111347510130997,0.8589490872356896,0.08111279111023423,6
0.02205682045878645,0.8611331714866315,0.08253691907333352,6
0.021050409481224705,0.8633227140664642,0.08396956713263332,6
0.020089919132053137,0.8655168052537062,0.08541011120150331,6
0.019173254139897795,0.8677145353268754,0.08685793560187718,6
0.018298414836652364,0.86991499456449,0.08831243280924195,6
0.017463492795282178,0.8721172732450686,0.08977300319217384,6
0.01666666666666667,0.8743204616471287,0.09123905474931539,6
181.14999999999998,0.9310453833655825,0.19828091181377758,10
172.88446830534969,0.9363100943862113,0.18996079156273296,10
164.99607718036705,0.9415755273369325,0.18173124914497651,10
157.46761841455262,0.946842404147839,0.1736152084624728,10
150.28266897548787,0.9521114467490234,0.16563472450227074,10
143.42555518264473,0.9573833770705782,0.1578107386116855,10
136.88131851587718,0.9626589170425958,0.15016280355040118,10
130.6356829840058,0.9679387885951691,0.14270877881670066,10
124.67502398231335,0.9732237136583902,0.13546449983016426,10
118.9863385710128,0.9785144141623523,0.12844342904103007,10
113.55721710985311,0.9838116120371481,0.12165630324164178,10
108.37581618698381,0.9891160292128696,0.11511079955804453,10
103.43083278302517,0.9944283876196096,0.10881125300959278,10
98.71147961398209,0.9997494091874606,0.10275847127432791,10
94.20746159921426,1.0050798158465153,0.09694970751331482,10
89.90895340312895,1.0104203295268666,0.09137887011399692,10
85.80657800160316,1.0157716721586065,0.08603706994479769,10
81.89138622637975,1.0211345656718283,0.08091363333294284,10
78.1548372428137,1.026509739032352,0.0759977901885898,10
74.58877991838251,1.0318990041366018,0.07128799931309357,10
71.18543504131559,1.0373064138506467,0.06680266288096509,10
67.93737835055398,1.0427362988419695,0.06256819998011151,10
64.83752434002155,1.0481929897780518,0.05861511276660426,10
61.87911080187577,1.0536808173263765,0.05497506045290752,10
59.05568407502139,1.0592041121544253,0.051677212953531206,10
56.361084966705945,1.064767204929681,0.048743962064149146,10
53.789435316486866,1.0703744263196253,0.04618637025069837,10
51.33512517325883,1.0760301069917408,0.044000123753740406,10
48.9928005573692,1.0817385776135098,0.042163066873657035,10
46.75735178112512,1.0875041688524143,0.040635403117289484,10
44.62390230221373,1.0933312113759364,0.03936323533527155,10
42.58779808571954,1.099223007657041,0.03828575696317379,10
40.64459745153306,1.1051498813579654,0.03735553444841275,10
38.79006138500284,1.1110429715710595,0.0365510256570747,10
37.02014428969416,1.116831136464537,0.035864087013549886,10
35.33098516208173,1.12244323420661,0.03529354758281044,10
33.71889916892465,1.1278081229654926,0.03483973178844846,10
32.180369608949704,1.1328546609093977,0.03449977819422456,10
30.712040241307797,1.1375117062065385,0.03426417926245127,10
29.310707964068467,1.1417081170251273,0.034114875268511896,10
27.97331582678088,1.1453727515333783,0.03402505987550763,10
26.696946361858345,1.1484344678995042,0.03396064238991112,10
25.478815220239152,1.150822124291718,0.033883157325897695,10
24.31626509744023,1.1524645788782324,0.03375389899717692,10
23.206759936753457,1.1532951595444896,0.03354085464120636,10
22.14787939693907,1.1533043156980078,0.03324396269355064,10
21.137313572347903,1.1525219579272619,0.03288959448423339,10
20.17285795395429,1.1509787823000701,0.032511101776474004,10
19.252408620307666,1.1487054848842502,0.03214299727239313,10
18.37395764791181,1.14573276174762,0.03181612077769748,10
17.535588731019857,1.1420913089579983,0.03155357751719005,10
16.735473001289822,1.1378118225832021,0.03136774787221959,10
15.97186503818121,1.1329249986910495,0.031258756687352375,10
15.24309906138981,1.127461533349359,0.031214696829153586,10
14.547585297014367,1.121452122625948,0.03121367250588653,10
13.88380650952831,1.1149274625886343,0.031227491519204058,10
13.250314691990924,1.1079182493052366,0.031226730641399435,10
12.645727907278028,1.100455362801347,0.0311897306470349,10
12.068727273441267,1.0925708512871448,0.031122904036213917,10
11.518054086619744,1.0842972200457621,0.031048358042359125,10
10.992507075227799,1.0756669754207442,0.03099108892589412,10
10.490939779428942,1.0667126237556366,0.030973687546178744,10
10.012258050179499,1.057466671393985,0.031012179002471794,10
9.555417662386091,1.0479616246793348,0.031113161999462225,10
9.119422036970288,1.038229989955231,0.0312724594161082,10
8.703320066871091,1.0283042735652195,0.031475378444254166,10
8.306204042242834,1.0182169818528448,0.031698490216736576,10
7.927207670322383,1.0080006211616537,0.03191268526267748,10
7.565504185646012,0.9976876978351904,0.032087231705489515,10
7.220304546493565,0.987310718581824,0.032194682722647236,10
6.890855713625388,0.9769047709910533,0.03222312772640301,10
6.576439007557312,0.9665137019379589,0.03219438834403807,10
6.276368540789996,0.9561832148121089,0.03214122025551659,10
5.989989721572743,0.9459590130030715,0.03209657050215889,10
5.7166778259376985,0.9358867999004148,0.03208861356885495,10
5.455836634889437,0.9260122788937069,0.032136826907179034,10
5.206897133777031,0.9163811533725164,0.03224934490110189,10
4.9693162710112695,0.9070391267264107,0.03242185081506991,10
4.742575773419303,0.8980319023449581,0.032638121235669504,10
4.526181015652382,0.8894051836177274,0.03287211431580194,10
4.3196599411804035,0.8812046739342859,0.03309131945565259,10
4.1225620325194186,0.873476076684202,0.033261058727538144,10
3.9344573284457165,0.8662648640896221,0.033349684032132954,10
3.754935486052579,0.8595915817515911,0.033346470567663725,10
3.5836048856035885,0.8534299209025007,0.03327501913434414,10
3.420091776229811,0.847748400601928,0.03316867359918604,10
3.2640394606071763,0.8425155399094504,0.033062779689010106,10
3.1151075168355074,0.8376998578846443,0.03299009905940708,10
2.972971055821725,0.8332698735870883,0.03297682962456869,10
2.837320012547243,0.8291941060763586,0.03303942373744141,10
2.707858469673521,0.8254410744120328,0.033182504870217615,10
2.584304012010185,0.8219792976536886,0.03339813450268721,10
2.4663871104375543,0.8187772948609023,0.033666496187433774,10
2.3538505339396325,0.8158035850932517,0.03395783396910741,10
2.2464487884649014,0.8130266874103139,0.034235321336331635,10
2.1439475813908464,0.8104155618037974,0.03445898065135016,10
2.0461233104239414,0.8079509590047995,0.034602325019911145,10
1.9527625758201776,0.8056264167906841,0.034659774352988997,10
1.8636617148620307,0.8034361135434359,0.034634326266630586,10
1.7786263575763646,0.8013742276450411,0.03453486619783171,10
1.6974710027240996,0.7994349374774843,0.03437448725580422,10
1.6200186131366536,0.7976124214227516,0.034169087681491746,10
1.5461002295164263,0.7959008578628282,0.03393614834675141,10
1.475554601858827,0.7942944251796993,0.0336936207863512,10
1.4082278376918318,0.7927873017553508,0.0334588865915461,10
1.3439730663656908,0.7913736659717677,0.03324777983428203,10
1.2826501186604633,0.7900476962109355,0.03307369334771229,10
1.2241252210124645,0.7888035708548399,0.03294681347860192,10
1.1682707036925677,0.7876354682854659,0.03287354162408746,10
1.1149647222997874,0.7865375668847995,0.032856160471939996,10
1.064090991962576,0.7855041425081037,0.03289275245990039,10
1.0155385336680216,0.7845318824850777,0.03297715680461989,10
0.9692014321655565,0.7836199837771527,0.033101633763079175,10
0.9249786049170616,0.7827677604602928,0.03325889760106704,10
0.8827735815893477,0.7819745266104632,0.033442235129871684,10
0.8424942936079693,0.7812395963036286,0.0336455347747353,10
0.8040528733133044,0.7805622836157537,0.03386329583260705,10
0.7673654622807583,0.7799419026228032,0.034090622283353175,10
0.7323520283869599,0.7793777674007422,0.034323205237552994,10
0.6989361912228758,0.7788691920255351,0.03455729759110341,10
0.667045055472996,0.7784154905731467,0.0347896838448806,10
0.6366090518971097,0.778015977119542,0.03501764742889085,10
0.607561785567787,0.7776699657406853,0.03523893730081952,10
0.5798398910324915,0.7773767705125424,0.03545173509689549,10
0.5533828940843732,0.7771357055110767,0.03565462370747324,10
0.5281330798402016,0.7769460848122539,0.035846557827716875,10
0.5040353668376487,0.7768072224920379,0.03602683678587255,10
0.4810371868772778,0.7767184326263946,0.03619507976585363,10
0.4590883703471119,0.7766790292912881,0.036351203404968634,10
0.43814103677962973,0.7766883265626835,0.03649540165035339,10
0.4181494904024346,0.7767456385165452,0.036628127689397515,10
0.3990701204547493,0.7768502792288379,0.03675007772234718,10
0.3808613060522838,0.7770015627755263,0.036862176313215096,10
0.3634833253929349,0.7771988032325761,0.036965563033595945,10
0.34689826910526095,0.777441314675951,0.037061580099780306,10
0.33106995755069923,0.7777284111816162,0.037151760694658816,10
0.31596386189912967,0.7780594068255369,0.037237817661255654,10
0.30154702880560874,0.7784336156836767,0.037321632254104606,10
0.28778800852396164,0.7788503518320017,0.03740524263854249,10
0.2746567863004171,0.7793089293464759,0.03749083183736235,10
0.26212471689761896,0.7798086623030634,0.03758071484058013,10
0.25016446210618387,0.7803488647777301,0.03767732461900603,10
0.23874993110748777,0.7809288508464408,0.03778319681761449,10
0.22785622355758706,0.7815479345851598,0.03790095295191336,10
0.2174595752681112,0.7822054300698521,0.03803328199068803,10
0.20753730636563406,0.7829006513764818,0.03818292028189993,10
0.19806777181643453,0.7836329125810148,0.03835262986431886,10
0.18903031420871994,0.7844015277594146,0.038545175303440204,10
0.18040521868930595,0.7852058109876474,0.038763299292627416,10
0.17217366995645045,0.7860450763416761,0.03900969736390839,10
0.16431771121502456,0.7869186378974672,0.03928699215078191,10
0.15682020500447982,0.7878258097309851,0.03959770773018983,10
0.1496647958141621,0.788765905918194,0.03994424463471115,10
0.14283587440441703,0.7897382405350587,0.040328856161908136,10
0.13631854375565747,0.7907421276575444,0.04075362661009041,10
0.1300985865711091,0.7917768813616158,0.04122045203552077,10
0.1241624342623445,0.7928418157232376,0.04173102405536273,10
0.11849713734994957,0.7939362448183743,0.04228681711697056,10
0.11309033721475037,0.7950594827229904,0.04288907952418193,10
0.10793023913797868,0.7962108435130517,0.043538828364417415,10
0.1030055865715633,0.7973896412645226,0.044236848327506156,10
0.09830563658242004,0.7985951900533671,0.04498369425945231,10
0.09382013641717164,0.799826803955551,0.0457796971621028,10
0.08953930113617498,0.801083797047038,0.04662497324112844,10
0.08545379226806628,0.8023654834037935,0.047519435525397676,10
0.08155469743825804,0.8036711771017826,0.04846280753315357,10
0.0778335109269496,0.8050001922169701,0.0494546384439028,10
0.07428211511423853,0.8063518428253195,0.050494319246605635,10
0.07089276277185708,0.8077254430027968,0.051581099369823344,10
0.06765806016290264,0.8091203068253662,0.0527141033521186,10
0.06457095091269548,0.8105357483689928,0.05389234717510442,10
0.06162470061557932,0.8119710817096414,0.05511475395131927,10
0.05881288214408384,0.8134256209232766,0.056380168729568116,10
0.0561293616284026,0.8148986800858631,0.05768737224752809,10
0.05356828507560078,0.816389573273365,0.059035093522417495,10
0.051124065599363284,0.8178976145617485,0.06042202122357236,10
0.04879137123242474,0.8194221180269776,0.0618468138150134,10
0.04656511329509626,0.8209623977450167,0.06330810849141288,10
0.04444043529451332,0.8225177677918312,0.06480452895774014,10
0.04241270233039046,0.8240875422433854,0.06633469212209116,10
0.04047749098417125,0.825671035175645,0.06789721378382542,10
0.03863057966951716,0.8272675606645734,0.06949071340624098,10
0.0368679394230855,0.8288764327861359,0.07111381806571308,10
0.03518572511550637,0.8304969656162979,0.07276516566850962,10
0.033580267063386744,0.8321284732310236,0.07444340752327819,10
0.03204806302404231,0.8337702697062778,0.07614721035223666,10
0.030585770555494857,0.8354216691180247,0.07787525781801853,10
0.029190199725068446,0.8370819855422303,0.07962625163642813,10
0.027858306150678577,0.8387505330548585,0.08139891233843237,10
0.02658718435963416,0.8404266257318744,0.08319197973783975,10
0.025374061450464596,0.8421095776492424,0.08500421315449753,10
0.024216291043946136,0.843798702882928,0.08683439143660772,10
0.023111347510130997,0.8454933155088951,0.08868131282000663,10
0.02205682045878645,0.847192729603109,0.09054379465701086,10
0.021050409481224705,0.8488962592415341,0.09242067304271814,10
0.020089919132053137,0.8506032185001355,0.09431080236245716,10
0.019173254139897795,0.8523129214548777,0.09621305478037842,10
0.018298414836652364,0.8540246821817258,0.09812631968594422,10
0.017463492795282178,0.8557378147566442,0.10004950311225776,10
0.01666666666666667,0.8574516332555979,0.10198152713774969,10
181.14999999999998,-0.8860051468761255,2.5295012945750157,20
172.88446830534969,-1.376316033463958,2.2639004031338748,20
164.99607718036705,-1.8503851703038854,2.008908408659385,20
157.46761841455262,-2.2919708076480294,1.7694035921857663,20
150.28266897548787,-2.684831195748484,1.5502228597059906,20
143.42555518264473,-3.0127245848573536,1.3558093281586485,20
136.88131851587718,-3.2594092252267366,1.1895289941973783,20
130.6356829840058,-3.408643367108748,1.0525948435363914,20
124.67502398231335,-3.444185260755484,0.9428323371790326,20
118.9863385710128,-3.349793156419049,0.8539699612644805,20
113.55721710985311,-3.1092253043515523,0.7762072514364144,20
108.37581618698381,-2.70623995480509,0.6980969507478414,20
103.43083278302517,-2.1360628874626997,0.6106634059045233,20
98.71147961398209,-1.4456174935570512,0.5157903708440595,20
94.20746159921426,-0.6963888964810071,0.4218344993509706,20
89.90895340312895,0.0501369618462305,0.3397739492778388,20
85.80657800160316,0.7324741395054721,0.2793211908752199,20
81.89138622637975,1.289136694577519,0.2409208193572285,20
78.1548372428137,1.6693545419554223,0.21139479860635557,20
74.58877991838251,1.8802604848969544,0.1795386621242562,20
71.18543504131559,1.9484559786881694,0.14468759367008127,20
67.93737835055398,1.9005570211578597,0.1130556574446062,20
64.83752434002155,1.7631796101348125,0.0936906908776164,20
61.87911080187577,1.5629397434478172,0.08852955975986805,20
59.05568407502139,1.3262673700364518,0.08626294043042342,20
56.361084966705945,1.0783829926206625,0.07931599212599884,20
53.789435316486866,0.8440236619758376,0.06914929359115977,20
51.33512517325883,0.6479251566416038,0.06078207783813389,20
48.9928005573692,0.5148232551575821,0.058277873830053936,20
46.75735178112512,0.4694537360633972,0.059699427087266825,20
44.62390230221373,0.5318191832719942,0.05897862621802712,20
42.58779808571954,0.6846795137358899,0.054549431708021304,20
40.64459745153306,0.8931744988813834,0.04936396997904101,20
38.79006138500284,1.1223388578063576,0.04713413984047413,20
37.02014428969416,1.3372073096086934,0.04893428313834985,20
35.33098516208173,1.5028145733862777,0.051801947575948575,20
33.71889916892465,1.587555780162879,0.05188123323465309,20
32.180369608949704,1.5921108449456387,0.049217948657228956,20
30.712040241307797,1.5351643764047804,0.04676695119333398,20
29.310707964068467,1.4355963571337298,0.047107992303679264,20
27.97331582678088,1.3122867697259115,0.0501293842764854,20
26.696946361858345,1.184115596774755,0.05308541646120696,20
25.478815220239152,1.069178913787389,0.052932606854446146,20
24.31626509744023,0.97626731240786,0.04965259807635162,20
23.206759936753457,0.9080751261800724,0.04567083639221088,20
22.14787939693907,0.8671908362502605,0.04347789489382294,20
21.137313572347903,0.8562029237646605,0.04387769314457639,20
20.17285795395429,0.877699869869508,0.04518019577360864,20
19.252408620307666,0.9336446509729754,0.0447181811251278,20
18.37395764791181,1.016680561631415,0.04197671997538513,20
17.535588731019857,1.1122968486704845,0.03871821041203841,20
16.735473001289822,1.2057998985100384,0.03692105552931502,20
15.97186503818121,1.2824960975699355,0.037263884944072706,20
15.24309906138981,1.32769183227003,0.038442627615995754,20
14.547585297014367,1.3274803978235954,0.038396863651841875,20
13.88380650952831,1.2829788507889948,0.03685161738471277,20
13.250314691990924,1.2087954209990213,0.035439492904438555,20
12.645727907278028,1.1200176166185125,0.035620124925455604,20
12.068727273441267,1.0317329458123108,0.03737661334070647,20
11.518054086619744,0.9590289167452528,0.03922228395153541,20
10.992507075227799,0.9165373363174697,0.03946731031651284,20
10.490939779428942,0.9074320653435952,0.03823448023281203,20
10.012258050179499,0.9228585421373526,0.03738124967114026,20
9.555417662386091,0.9533923240170155,0.03828041139687599,20
9.119422036970288,0.9896089683008567,0.0406284494554845,20
8.703320066871091,1.0220840323071498,0.042726511464848016,20
8.306204042242834,1.041570800397453,0.042765787475030174,20
7.927207670322383,1.0449278612152877,0.04081084309453743,20
7.565504185646012,1.0365087909991009,0.038978912734886004,20
7.220304546493565,1.0211264990691291,0.03908118023903206,20
6.890855713625388,1.0035938947456056,0.04111902712423201,20
6.576439007557312,0.9887238873487667,0.04330764384635828,20
6.276368540789996,0.981255007858146,0.04355323655290029,20
5.989989721572743,0.9822540832687888,0.04168245121663486,20
5.7166778259376985,0.9875102667070847,0.03992057752947728,20
5.455836634889437,0.9924038249097092,0.040271942320193196,20
5.206897133777031,0.9923150246133388,0.04276728823763329,20
4.9693162710112695,0.9826241325546495,0.0454647777170276,20
4.742575773419303,0.9587632895210444,0.04606150344312758,20
4.526181015652382,0.9201194262273061,0.04419505502938102,20
4.3196599411804035,0.872750144376,0.04220665982933298,20
4.1225620325194186,0.8233550795954573,0.0423527084011038,20
3.9344573284457165,0.7786338675140096,0.04485721395750194,20
3.754935486052579,0.7452861437599902,0.047736431774437905,20
3.5836048856035885,0.7299801437177061,0.048463780896990244,20
3.420091776229811,0.7352640602460535,0.046380283613591956,20
3.2640394606071763,0.7555058352726807,0.04388017759990163,20
3.1151075168355074,0.7841081492477084,0.04357690367199694,20
2.972971055821725,0.8144736826212564,0.0460797572667949,20
2.837320012547243,0.8400051158434467,0.04944172433676266,20
2.707858469673521,0.8541163550572705,0.050856639925074394,20
2.584304012010185,0.8532459022964799,0.04913334515314529,20
2.4663871104375543,0.8409285768109706,0.046267674101634494,20
2.3538505339396325,0.8217157412379482,0.04493096422035041,20
2.2464487884649014,0.8001587582146202,0.04644540338924417,20
2.1439475813908464,0.780808990378193,0.049627490252273844,20
2.0461233104239414,0.7682156916649481,0.051816624712937596,20
1.9527625758201776,0.7653063139571693,0.05113605928807427,20
1.8636617148620307,0.7704922037696662,0.04836132552734196,20
1.7786263575763646,0.7814048513656607,0.045318230259426454,20
1.6974710027240996,0.7956757470083743,0.043824096008395486,20
1.6200186131366536,0.8109363809610274,0.044626762261291655,20
1.5461002295164263,0.8248182434868422,0.04680008636342975,20
1.475554601858827,0.835259358070997,0.0485310216867961,20
1.4082278376918318,0.8420540653108947,0.048899891061957204,20
1.3439730663656908,0.8456918507888432,0.04791275331643757,20
1.2826501186604633,0.846663419223492,0.04596398559077665,20
1.2241252210124645,0.8454594753334901,0.04363947373963677,20
1.1682707036925677,0.8425707238374862,0.04157985811627545,20
1.1149647222997874,0.8384878694541293,0.04031443707249415,20
1.064090991962576,0.8337016169020682,0.04006725356600456,20
1.0155385336680216,0.8286982041995986,0.04065083723987747,20
0.9692014321655565,0.8237696763493202,0.041619785113044365,20
0.9249786049170616,0.8189432372380904,0.042611537200844096,20
0.8827735815893477,0.8142270666332565,0.04340918217096463,20
0.8424942936079693,0.8096293443021656,0.04390263964182543,20
0.8040528733133044,0.8051582500121655,0.04405428869870264,20
0.7673654622807583,0.8008219635306039,0.04387445870194606,20
0.7323520283869599,0.796628664624827,0.04340510439093539,20
0.6989361912228758,0.7925865330621833,0.04270884294230203,20
0.667045055472996,0.7887037486100199,0.04186101585034397,20
0.6366090518971097,0.7849884910356836,0.0409431034618911,20
0.607561785567787,0.781448940106523,0.04003639133940057,20
0.5798398910324915,0.7780932755898846,0.03921534094932133,20
0.5533828940843732,0.7749296772531156,0.0385407595621423,20
0.5281330798402016,0.7719663248635645,0.03805357346200416,20
0.5040353668376487,0.7692103095814096,0.03776853982973177,20
0.4810371868772778,0.7666616353476554,0.037668083240678295,20
0.4590883703471119,0.7643174692942983,0.03772544210776091,20
0.43814103677962973,0.7621749710299458,0.0379140583694069,20
0.4181494904024346,0.7602313001632021,0.03820851858661658,20
0.3990701204547493,0.758483616302673,0.038585231859762634,20
0.3808613060522838,0.7569290790569644,0.03902285843051269,20
0.3634833253929349,0.7555648480346816,0.03950252043878025,20
0.34689826910526095,0.7543880828444307,0.04000784330105723,20
0.33106995755069923,0.7533959430948163,0.04052487871239133,20
0.31596386189912967,0.752585588394445,0.04104195417482226,20
0.30154702880560874,0.7519541783519218,0.04154948424360106,20
0.28778800852396164,0.751498872575853,0.04203976866412524,20
0.2746567863004171,0.7512168306748428,0.04250679393990145,20
0.26212471689761896,0.7511052122574984,0.0429460481956359,20
0.25016446210618387,0.7511611769324239,0.043354354422966965,20
0.23874993110748777,0.7513818843082261,0.04372972399135001,20
0.22785622355758706,0.7517644939935098,0.044071230282384154,20
0.2174595752681112,0.7523061655968807,0.04437890110898879,20
0.20753730636563406,0.7530040587269452,0.04465362793027868,20
0.19806777181643453,0.7538553329923073,0.044897089562340016,20
0.18903031420871994,0.7548571480015746,0.04511168797136478,20
0.18040521868930595,0.7560066633633503,0.04530049372484711,20
0.17217366995645045,0.7573010386862425,0.04546719871101907,20
0.16431771121502456,0.7587374335788548,0.045616073784762255,20
0.15682020500447982,0.7603130076497943,0.045751929047201746,20
0.1496647958141621,0.7620249205076649,0.045880074517548816,20
0.14283587440441703,0.7638703317610733,0.04600627902193202,20
0.13631854375565747,0.7658464010186253,0.0461367252258423,20
0.1300985865711091,0.7679502878889259,0.04627795890139252,20
0.1241624342623445,0.7701791519805807,0.04643683077778384,20
0.11849713734994957,0.7725301529021953,0.04662042970175995,20
0.11309033721475037,0.7750004502623759,0.04683600635585816,20
0.10793023913797868,0.7775872036697271,0.04709088745326446,20
0.1030055865715633,0.7802875727328553,0.04739238113496674,20
0.09830563658242004,0.7830987170603655,0.04774767519626515,20
0.09382013641717164,0.7860177962608634,0.04816373069442674,20
0.08953930113617498,0.7890419699429552,0.0486471743400251,20
0.08545379226806628,0.7921683977152457,0.04920419373849293,20
0.08155469743825804,0.7953942391863413,0.04984043991518558,20
0.0778335109269496,0.7987166539648464,0.05056094154078969,20
0.07428211511423853,0.8021328016593677,0.051370034834063716,20
0.07089276277185708,0.8056398418785101,0.05227131227599719,20
0.06765806016290264,0.8092349342308793,0.05326759210694316,20
0.06457095091269548,0.8129152383250814,0.05436090923098105,20
0.06162470061557932,0.8166779137697217,0.05555252678221409,20
0.05881288214408384,0.8205201201734051,0.056842966376014735,20
0.0561293616284026,0.8244390171447386,0.05823205410372436,20
0.05356828507560078,0.8284317642923262,0.05971897871084462,20
0.051124065599363284,0.8324955212247747,0.06130235814762054,20
0.04879137123242474,0.8366274475506889,0.06298031076632778,20
0.04656511329509626,0.8408247028786747,0.06475052779315282,20
0.04444043529451332,0.8450844468173376,0.06661034423676639,20
0.04241270233039046,0.8494038389752834,0.06855680602129285,20
0.04047749098417125,0.8537800389611175,0.07058673177061284,20
0.03863057966951716,0.8582102063834459,0.07269676826498905,20
0.0368679394230855,0.8626915008508729,0.07488343910223358,20
0.03518572511550637,0.8672210819720056,0.07714318650579001,20
0.033580267063386744,0.8717961093554489,0.07947240652832736,20
0.03204806302404231,0.8764137426098089,0.08186747810949671,20
0.030585770555494857,0.8810711413436901,0.08432478657426426,20
0.029190199725068446,0.8857654651656992,0.08684074222010865,20
0.027858306150678577,0.8904938736844408,0.08941179465369714,20
0.02658718435963416,0.8952535265085216,0.09203444351515676,20
0.025374061450464596,0.9000415832465456,0.09470524618305261,20
0.024216291043946136,0.9048552035071203,0.09742082299537697,20
0.023111347510130997,0.90969154689885,0.10017786045848348,20
0.02205682045878645,0.9145477730303405,0.10297311285204909,20
0.021050409481224705,0.919421041510198,0.10580340257718117,20
0.020089919132053137,0.924308511947027,0.10866561953871068,20
0.019173254139897795,0.9292073439494338,0.1115567198025626,20
0.018298414836652364,0.9341146971260241,0.11447372372521114,20
0.017463492795282178,0.9390277310854027,0.11741371371449517,20
0.01666666666666667,0.9439436054361761,0.12037383174910826,20
