hours,beta_1,se,model
59.899999999999984,0.6761301029732789,0.1550809973169155,Hauptspezifikation
55.9233663758364,0.665217021199997,0.1550718291700564,Hauptspezifikation
52.21073300177015,0.6549026933554953,0.1550680330622945,Hauptspezifikation
48.74457346258709,0.6455008442807725,0.1550672818619463,Hauptspezifikation
45.508524884509704,0.6368975339932654,0.15506674092981687,Hauptspezifikation
42.48731069015536,0.6288759348379831,0.15506551020009027,Hauptspezifikation
39.66666848162854,0.6212192191599331,0.15506382864550852,Hauptspezifikation
37.03328271130145,0.6137105593041241,0.15506227036324466,Hauptspezifikation
34.57472182243806,0.6061331904177145,0.15506124295022775,Hauptspezifikation
32.27937956291871,0.598330598723828,0.15506076483220202,Hauptspezifikation
30.136420195021532,0.5903188038819334,0.1550606083310251,Hauptspezifikation
28.13572734261011,0.5821445129002756,0.15506059646328244,Hauptspezifikation
26.26785623424747,0.5738544327870989,0.15506062026934384,Hauptspezifikation
24.52398911678833,0.5654952705506483,0.15506062145315144,Hauptspezifikation
22.895893628967933,0.5571137331991681,0.15506057739889587,Hauptspezifikation
21.375883938480012,0.5487565277409033,0.1550604885652893,Hauptspezifikation
19.956784459081383,0.5404703611840982,0.15506036825760167,Hauptspezifikation
18.631895976440855,0.5323019405369979,0.15506023477743378,Hauptspezifikation
17.394964022820947,0.5242979726035588,0.15506010595012307,Hauptspezifikation
16.240149351297315,0.5164962995238374,0.15505999373382623,Hauptspezifikation
15.162000370131919,0.5089022847752819,0.1550598987653485,Hauptspezifikation
14.155427407169535,0.5015138555193355,0.15505981948268616,Hauptspezifikation
13.215678682766251,0.49432893891744095,0.15505975440737446,Hauptspezifikation
12.338317877824178,0.487345462131041,0.15505970214236803,Hauptspezifikation
11.519203191036633,0.480561352321579,0.15505966136994262,Hauptspezifikation
10.75446778647823,0.4739745366504975,0.15505963084961805,Hauptspezifikation
10.040501539237939,0.46758294227923963,0.15505960941610245,Hauptspezifikation
9.373933992920747,0.46138449636924844,0.15505959597725785,Hauptspezifikation
8.751618448564514,0.4553771260819666,0.15505958951208718,Hauptspezifikation
8.17061710985981,0.4495587585788373,0.15505958906874248,Hauptspezifikation
7.628187214547043,0.4439273210213033,0.15505959376255465,Hauptspezifikation
7.121768086520624,0.43848074057080744,0.15505960277408462,Hauptspezifikation
6.6489690475164025,0.43321694438879293,0.15505961534719565,Hauptspezifikation
6.207558131316462,0.42813385963670275,0.15505963078714743,Hauptspezifikation
5.795451547193873,0.4232294134759795,0.15505964845871148,Hauptspezifikation
5.410703842856947,0.4185015330680662,0.1550596677843078,Hauptspezifikation
5.051498720454676,0.413948145574406,0.15505968824216337,Hauptspezifikation
4.716140462288077,0.4095671781564416,0.15505970936449176,Hauptspezifikation
4.403045925750296,0.4053565579756162,0.15505973073569446,Hauptspezifikation
4.110737069705638,0.4013142121933726,0.15505975199058347,Hauptspezifikation
3.837833977026388,0.39743806797115366,0.15505977281262565,Hauptspezifikation
3.5830483403485838,0.3937260524704023,0.1550597929322083,Hauptspezifikation
3.345177380294599,0.39017609285256166,0.15505981212492645,Hauptspezifikation
3.1230981674520137,0.3867861162790746,0.15505983020989136,Hauptspezifikation
2.9157623213042116,0.3835540499113838,0.1550598470480609,Hauptspezifikation
2.7221910610877256,0.38047782091093263,0.15505986254059104,Hauptspezifikation
2.5414705852126174,0.37755535643916366,0.1550598766272092,Hauptspezifikation
2.3727477574333333,0.37478458365752004,0.1550598892846088,Hauptspezifikation
2.2152260794054857,0.37216342972744454,0.15505990052486546,Hauptspezifikation
2.068161930616038,0.3696898218103803,0.1550599103938748,Hauptspezifikation
1.9308610579365264,0.3673616870677702,0.1550599189698114,Hauptspezifikation
1.8026752982273702,0.36517695266105704,0.15505992636160967,Hauptspezifikation
1.6829995185215267,0.36313354575168394,0.15505993270746599,Hauptspezifikation
1.5712687593428318,0.3612293935010936,0.1550599381733623,Hauptspezifikation
1.4669555676733752,0.3594624230707292,0.15505994295161135,Hauptspezifikation
1.3695675069794868,0.3578305616220336,0.15505994725942343,Hauptspezifikation
1.278644832541816,0.35633173631644965,0.15505995133749434,Hauptspezifikation
1.1937583211152918,0.3549638743154203,0.15505995544861526,Hauptspezifikation
1.1145072446733535,0.3537249027803886,0.1550599598763038,Hauptspezifikation
1.0405174786709839,0.35261274887279753,0.15505996492345664,Hauptspezifikation
0.9714397358961434,0.35162533975408977,0.15505997091102372,Hauptspezifikation
0.9069479175720501,0.3507606025857086,0.15505997817670378,Hauptspezifikation
0.8467375739262712,0.3500164645290967,0.15505998707366148,Hauptspezifikation
0.790524466959362,0.3493908527456969,0.1550599979692661,Hauptspezifikation
0.7380432286282336,0.34888169439695244,0.15506001124385152,Hauptspezifikation
0.6890461081098816,0.34848691664430614,0.15506002728949778,Hauptspezifikation
0.6433018022316049,0.34820444664920097,0.1550600465088341,Hauptspezifikation
0.6005943635464759,0.3480322115730797,0.15506006931386357,Hauptspezifikation
0.5607221808993633,0.34796813857738546,0.15506009612480898,Hauptspezifikation
0.5234970276710037,0.3480101548235612,0.15506012736898045,Hauptspezifikation
0.4887431732071276,0.3481561874730496,0.15506016347966428,Hauptspezifikation
0.45629655323791446,0.3484041636872939,0.15506020489503353,Hauptspezifikation
0.4260039953715399,0.34875201062773686,0.15506025205707988,Hauptspezifikation
0.39772249600555504,0.3491976554558215,0.1550603054105671,Hauptspezifikation
0.3713185452425845,0.3497390253329906,0.15506036540200593,Hauptspezifikation
0.3466674966234331,0.35037404742068745,0.15506043247865053,Hauptspezifikation
0.3236529787022752,0.3511006488803546,0.1550605070875163,Hauptspezifikation
0.30216634568611217,0.35191675687343515,0.15506058967441916,Hauptspezifikation
0.2821061645451103,0.35282029856137204,0.15506068068303663,Hauptspezifikation
0.2633777361725909,0.3538092011056083,0.15506078055398992,Hauptspezifikation
0.24589264833419341,0.35488139166758653,0.15506088972394788,Hauptspezifikation
0.22956835829578986,0.3560347974087501,0.15506100862475236,Hauptspezifikation
0.21432780315984548,0.3572673454905417,0.15506113768256485,Hauptspezifikation
0.20009903607072102,0.3585769630744043,0.1550612773170349,Hauptspezifikation
0.18681488657152986,0.35996157732178086,0.15506142794048988,Hauptspezifikation
0.17441264350918192,0.36141911539411425,0.15506158995714625,Hauptspezifikation
0.1628337589906866,0.3629475044528476,0.15506176376234243,Hauptspezifikation
0.15202357199316888,0.3645446716594236,0.1550619497417929,Hauptspezifikation
0.14193105032282682,0.3662085441752853,0.15506214827086415,Hauptspezifikation
0.13250854970468662,0.3679370491618757,0.15506235971387197,Hauptspezifikation
0.12371158886587513,0.3697281137806376,0.15506258442340004,Hauptspezifikation
0.1154986395506374,0.3715796651930141,0.15506282273964048,Hauptspezifikation
0.10783093047580912,0.3734896305604481,0.15506307498975558,Hauptspezifikation
0.10067226430126917,0.3754559370443823,0.15506334148726095,Hauptspezifikation
0.09398884675133412,0.3774765118062599,0.1550636225314306,Hauptspezifikation
0.08774912708042071,0.37954928200752375,0.15506391840672318,Hauptspezifikation
0.0819236491298531,0.3816721748096168,0.15506422938222975,Hauptspezifikation
0.07648491227269195,0.383843117373982,0.1550645557111433,Hauptspezifikation
0.07140724159014122,0.38606003686206236,0.15506489763024967,Hauptspezifikation
0.06666666666666667,0.38832086043530056,0.1550652553594397,Hauptspezifikation
