hours,beta_1,se_boot,se_sandwich,se_model,pw_lo,pw_up,sim_lo,sim_up,excl_1_pointwise,excl_1_simultaneous
45.5085248845097,0.8246606585224847,0.23999045255308565,0.2569933779958955,0.0488455721461551,0.3542880148849682,1.2950333021600011,0.19671251032095782,1.4526088067240117,False,False
42.48731069015536,0.8533561796423346,0.2189132563565934,0.2341542612487018,0.0460387138486279,0.42429408144502745,1.2824182778396418,0.2805576683537174,1.4261546909309517,False,False
39.66666848162854,0.9180440215864692,0.18789082561191492,0.2037369821773926,0.0417654276317933,0.5497847703616201,1.2863032728113184,0.42641739747749696,1.4096706456954415,False,False
37.03328271130145,0.9996432565301184,0.15428959851517657,0.1717336566294928,0.0373596000313045,0.6972412002512278,1.302045312809009,0.5959360813335088,1.403350431726728,False,False
34.57472182243806,1.0790779674190023,0.1275854770415819,0.1455183321985377,0.0341689923323956,0.8290150274671398,1.3291409073708649,0.7452435869536045,1.4129123478844001,False,False
32.27937956291871,1.1420794661415936,0.11324376199898792,0.129190639013288,0.0326093963041982,0.9201257711497517,1.3640331611334355,0.845770967673684,1.4383879646095032,False,False
30.13642019502153,1.1881449221332576,0.10875344727379145,0.1208358678732762,0.0321104550302534,0.9749920822820506,1.4012977619844647,0.9035855777943251,1.47270426647219,False,False
28.13572734261011,1.2192199442779104,0.1096132066073709,0.1172956364692363,0.0320981839250229,1.0043820070975156,1.4340578814583052,0.9324109926080331,1.5060288959477877,True,False
26.26785623424747,1.2372501414594703,0.11216921815794134,0.1158671071249193,0.0321923222029992,1.017402513695889,1.4570977692230516,0.9437532457364546,1.530747037182486,True,False
24.52398911678833,1.2441811225618544,0.1143412700780657,0.1147954685234299,0.0321905627649071,1.0200763512622784,1.4682858938614305,0.9450009341639437,1.543361310959765,True,False
22.895893628967933,1.2419584964689805,0.11527575506183133,0.1132061077814246,0.0320176167709974,1.0160221682571302,1.4678948246808308,0.9403331769884158,1.5435838159495452,True,False
21.37588393848001,1.2325278720647648,0.11484929740046654,0.1108379784645361,0.0316774550603434,1.0074273855101208,1.4576283586194088,0.9320184023852713,1.5330373417442582,True,False
19.956784459081383,1.217834858233125,0.11332648768286346,0.1077981723264737,0.0312177040340629,0.9957190238802907,1.4399506925859595,0.9213099034877024,1.5143598129785478,False,False
18.631895976440852,1.1998250638579795,0.11115428405248658,0.1043843274829466,0.030704348935885,0.981966670387771,1.417683457328188,0.9089837987456268,1.4906663289703321,False,False
17.394964022820947,1.1804440896537094,0.10883607552208528,0.1009624369732996,0.0302038836216597,0.9671293014117409,1.393758877895678,0.8956685439827936,1.4652196353246252,False,False
16.240149351297315,1.1612830356166224,0.1067715107974579,0.0978283900293869,0.0297631325584444,0.9520147198786754,1.3705513513545693,0.8819095364933092,1.4406565347399356,False,False
15.16200037013192,1.1426341697347713,0.10502156177244014,0.0950321992765217,0.0293868168650227,0.9367956910606401,1.3484726484089025,0.8678395079694312,1.4174288315001113,False,False
14.155427407169537,1.1244923793630195,0.10357099975112745,0.0925681925174106,0.0290708435356641,0.9214969500080028,1.3274878087180362,0.8534931924819701,1.3954915662440688,False,False
13.215678682766251,1.1068525518562329,0.10240251963374557,0.0904281448515563,0.0288109046078842,0.9061473014479358,1.30755780226453,0.8389107571260564,1.3747943465864094,False,False
12.338317877824178,1.089709574569275,0.10149704855287113,0.0886011830166356,0.0286025434783509,0.8907790148685344,1.2886401342700158,0.8241369944575817,1.3552821546809684,False,False
11.519203191036633,1.0730583348570113,0.10083412051687794,0.0870738116490489,0.0284412230581881,0.8754270902311592,1.2706895794828634,0.8092203422181288,1.3368963274958938,False,False
10.75446778647823,1.0568937200743058,0.10039229090965887,0.0858300692503488,0.0283223925475823,0.8601284455659066,1.253658994582705,0.7942117987737715,1.3195756413748403,False,False
10.04050153923794,1.041210617576024,0.10014956316749954,0.0848518078398506,0.0282415500452593,0.8449210807003058,1.2375001544517423,0.7791638066916942,1.303257428460354,False,False
9.373933992920747,1.0260039147170303,0.10008380183185438,0.0841190767482754,0.0281942988273992,0.8298432676907519,1.2221645617433088,0.7641291719650046,1.2878786574690562,False,False
8.751618448564514,1.011268498852189,0.10017311070822708,0.083610580347464,0.0281763958337061,0.8149328096447203,1.2076041880596577,0.7491600745393361,1.2733769231650418,False,False
8.17061710985981,0.9969992573363652,0.10039616094230032,0.0833041736066233,0.0281837915946589,0.8002263977033697,1.1937721169693607,0.7343072098837076,1.2596913047890228,False,False
7.628187214547043,0.9831910775244234,0.10073246030987272,0.0831773589057795,0.0282126614534596,0.7857590832429624,1.1806230718058843,0.719619084378669,1.2467630706701778,False,False
7.121768086520624,0.9698388467712284,0.10116256096687845,0.0832077519395454,0.0282594284354833,0.7715638706923093,1.1681138228501478,0.7051414717270118,1.234536221815445,False,False
6.6489690475164025,0.956937452431645,0.10166820771348832,0.0833734922938765,0.0283207784794934,0.7576714269404705,1.1562034779228194,0.6909170250126362,1.2229578798506537,False,False
6.207558131316462,0.944481781860538,0.10223243223308305,0.0836535834865606,0.0283936689716168,0.7441098966317635,1.1448536670893126,0.6769850301191229,1.211978533601953,False,False
5.795451547193873,0.9324667224127712,0.10283960079508603,0.0840281562039717,0.0284753316320615,0.7309048086699259,1.1340286361556164,0.66338128091266,1.2015521639128823,False,False
5.410703842856947,0.92088716144321,0.1034754237635365,0.0844786559270329,0.0285632708199843,0.7180790575816585,1.1236952653047616,0.6501380543623434,1.1916362685240767,False,False
5.051498720454676,0.9097379863067194,0.10412693521724989,0.0849879615189059,0.0286552582696804,0.7056529434603742,1.1138230291530646,0.6372841638651412,1.1821918087482977,False,False
4.716140462288077,0.8990140843581635,0.10478245035713621,0.0855404445795536,0.0287493251753746,0.6936442554463205,1.1043839132700066,0.6248450706919734,1.1731830980243538,False,False
4.403045925750296,0.8887103429524074,0.10543150740889051,0.0861219807483144,0.0288437524223417,0.6820683855952141,1.0953523003096006,0.6128430360025037,1.164577649902311,False,False
4.110737069705638,0.8788216494443153,0.10606479962399268,0.0867199241149463,0.0289370596341869,0.6709384621538321,1.0867048367347985,0.6012972987682415,1.1563460001203891,False,False
3.837833977026388,0.8693428911887522,0.10667410187746225,0.0873230549660937,0.0290279935806073,0.6602654934257697,1.0784202889517347,0.5902242678335325,1.1484615145439718,False,False
3.583048340348584,0.8602689555405829,0.1072521953428723,0.087921509666955,0.0291155163736542,0.6500585154056987,1.0704793956754672,0.5796377190075063,1.1409001920736594,False,False
3.345177380294599,0.8515947298546719,0.10779279283844745,0.0885066998739517,0.0291987937771358,0.6403247380983278,1.0628647216110159,0.5695489904000938,1.1336404693092499,False,False
3.1230981674520137,0.843315101485884,0.10829046669834906,0.0890712267051743,0.02927718386478,0.6310696868880857,1.0555605160836823,0.5599671711507566,1.1266630318210114,False,False
2.915762321304212,0.8354249577890835,0.10874058042768786,0.0896087940841525,0.0293502261880517,0.6222973364928343,1.048552579085333,0.5508992802568844,1.1199506353212827,False,False
2.7221910610877256,0.8279191861191358,0.10913922493500261,0.0901141242754967,0.0294176315530349,0.614010235945915,1.0418281362923567,0.5423504334250044,1.1134879388132672,False,False
2.5414705852126174,0.820792673830905,0.10948315978372919,0.0905828776604416,0.0294792724560373,0.6062096237411518,1.0353757239206582,0.5343239967895246,1.1072613508722855,False,False
2.3727477574333333,0.8140403082792563,0.10976975964510652,0.0910115780421629,0.0295351741878161,0.5988955327832293,1.0291850837752834,0.5268217270216367,1.101258889536876,False,False
2.2152260794054857,0.8076569768190537,0.10999696595057404,0.0913975441975844,0.0295855065848474,0.5920668851472499,1.0232470684908574,0.519843897833461,1.0954700558046464,False,False
2.068161930616038,0.8016375668051625,0.11016324361561801,0.0917388279722957,0.0296305763813048,0.5857215768984392,1.0175535567118859,0.5133894132124726,1.0898857203978525,False,False
1.9308610579365264,0.7959769655924472,0.1102675426252908,0.0920341589166626,0.0296708200959924,0.579856553383142,1.0120973778017524,0.5074559079350891,1.0844980232498054,False,False
1.8026752982273704,0.7906700605357724,0.1103092642228342,0.092282895255957,0.0297067973732849,0.5744678754979047,1.00687224557364,0.5020398360359892,1.0793002850355555,False,False
1.6829995185215267,0.7857117389900027,0.11028823141783238,0.0924849808513619,0.0297391846852744,0.5695507774924323,1.001872700487573,0.49713654797514306,1.0742869300048623,False,False
1.5712687593428318,0.781096888310003,0.11020466352190116,0.0926409077224168,0.0297687692931806,0.5650997168787217,0.9970940597412843,0.49274035726657495,1.069453419353431,True,False
1.4669555676733752,0.7768203958506381,0.11005915442251854,0.0927516836493851,0.0297964433592452,0.5611084170135696,0.9925323746877066,0.48884459732607377,1.0647961943752025,True,False
1.3695675069794868,0.7728771489667723,0.1098526543149262,0.0928188043441174,0.0298231980956156,0.5575699029033884,0.9881843950301562,0.48544166927067195,1.0603126286628726,True,False
1.278644832541816,0.7692620350132706,0.10958645462481799,0.0928442296612028,0.02985011783413,0.5544765307551945,0.9840475392713467,0.48252308136925687,1.0560009886572843,True,False
1.1937583211152918,0.7659699413449976,0.10926217586824244,0.0928303633107589,0.029878373900624,0.551820011770761,0.9801198709192342,0.4800794808077989,1.0518604018821964,True,False
1.1145072446733535,0.7629957553168178,0.1088817582078498,0.0927800355252695,0.0299092181797022,0.5495914306560338,0.9764000799776019,0.4781006783994482,1.0478908322341876,True,False
1.040517478670984,0.7603343642835965,0.10844745447469875,0.0926964881220237,0.0299439762612871,0.5477812592981398,0.9728874692690531,0.47657566684335995,1.0440930617238329,True,False
0.9714397358961434,0.7579806556001976,0.10796182543104896,0.0925833613878523,0.029984040069145,0.5463793660501411,0.969581945150254,0.47549263311985474,1.0404686780805403,True,False
0.90694791757205,0.7559295166214862,0.10742773705071558,0.0924446821929002,0.0300308598844968,0.5453750210614445,0.9664840121815279,0.4748389656065223,1.0370200676364503,True,False
0.8467375739262712,0.7541758347023271,0.10684835958865607,0.0922848527151046,0.0300859356951697,0.5447568981013762,0.963594771303278,0.47460125651269663,1.0337504128919575,True,False
0.790524466959362,0.7527144971975847,0.10622716819950255,0.0921086391277944,0.0301508078228236,0.5445130733468811,0.9609159210482882,0.47476530026103303,1.0306636941341363,True,False
0.7380432286282336,0.7515403914621239,0.10556794484481417,0.0919211595713659,0.0302270468076534,0.5446310216443773,0.9584497612798706,0.4753160884970781,1.0277646944271697,True,False
0.6890461081098816,0.7506484048508092,0.10487478120004634,0.0917278706994343,0.0303162425613798,0.5450976108122,0.9561991988894184,0.47623780248302483,1.0250590072185934,True,False
0.6433018022316049,0.7500334247185055,0.10415208223385239,0.091534552064474,0.0304199928346568,0.5458990946253008,0.9541677548117102,0.47751380373227537,1.0225530457047358,True,False
0.6005943635464759,0.7496903384200775,0.1034045700837941,0.0913472875932273,0.0305398910831731,0.5470211052189932,0.9523595716211618,0.4791266238684311,1.020254052971724,True,False
0.5607221808993633,0.7496140333103896,0.10263728779361034,0.0911724434047346,0.030677513856167,0.5484486457640407,0.9507794208567384,0.4810579548465252,1.0181701117742539,True,False
0.5234970276710037,0.7497993967443066,0.1018556024081912,0.0910166412512948,0.0308344078698547,0.5501660844006206,0.9494327090879926,0.48328864085485407,1.0163101526337592,True,False
0.4887431732071276,0.7502413160766933,0.10106520684435265,0.090886726923136,0.03101207696408,0.5521571505716711,0.9483254815817155,0.48579867341999255,1.014683958733394,True,False
0.4562965532379144,0.7509346786624144,0.10027211987055958,0.0907897330591045,0.0312119691708319,0.5544049350626346,0.9474644222621942,0.48856719145984967,1.013302165864979,True,False
0.4260039953715399,0.7518743718563345,0.09948268344038712,0.0907328359552236,0.0314354641456722,0.5568918952277766,0.9468568484848925,0.4915724882608132,1.0121762554518559,True,False
0.397722496005555,0.7530552830133186,0.09870355653805594,0.0907233061652743,0.0316838612253216,0.5595998670527159,0.9465106989739213,0.49479202758124313,1.011318538445394,True,False
0.3713185452425845,0.7544722994882307,0.09794170461722314,0.090768452943707,0.0319583683749827,0.5625100858540131,0.9464345131224483,0.4982024712854527,1.0107421276910087,True,False
0.3466674966234331,0.7561203086359362,0.0972043836561277,0.0908755628871989,0.0322600922764313,0.565603217530512,0.9466373997413603,0.5017797210642938,1.0104608962075785,True,False
0.3236529787022752,0.7579941978112994,0.09649911782538358,0.0910518334767551,0.0325900297824786,0.5688594023336604,0.9471289932889384,0.5054989768685967,1.0104894187540021,True,False
0.3021663456861121,0.760088854369185,0.09583366978355232,0.0913043025900773,0.0329490609260175,0.572258313087118,0.947919395651252,0.5093348146324299,1.0108428941059402,True,False
0.2821061645451103,0.762399165664458,0.09521600269590683,0.0916397754197658,0.0333379436245033,0.5757792296286119,0.949019101700304,0.5132612856530828,1.0115370456758332,True,False
0.2633777361725909,0.7649200190519826,0.09465423322942076,0.0920647505668913,0.0337573101661286,0.5794011309380634,0.9504389071659017,0.5172520395822469,1.0125879985217183,True,False
0.2458926483341934,0.7676463018866239,0.0941565750259155,0.092585347348533,0.0342076655055213,0.583102805928186,0.9521897978450617,0.5212804723316199,1.014012131441628,True,False
0.2295683582957898,0.7705729015232463,0.09373127250470141,0.0932072365295368,0.0346893873381443,0.5868629831889222,0.9542828198575705,0.5253198992819154,1.0158259037645774,True,False
0.2143278031598454,0.7736947053167147,0.09338652529721606,0.0939355767355109,0.0352027278672677,0.5906604790928326,0.9567289315405968,0.5293437530037666,1.0180456576296628,True,False
0.200099036070721,0.7770066006218939,0.09313040415899253,0.0947749587079955,0.0357478171285426,0.5944743626046093,0.9595388386391784,0.5333258032786613,1.0206873979651263,True,False
0.1868148865715298,0.7805034747936483,0.09297075981451722,0.0957293593192077,0.0363246676973129,0.5982841339418709,0.9627228156454258,0.5372403956113578,1.0237665539759389,True,False
0.1744126435091819,0.7841802151868426,0.09291512682830107,0.0968021068836438,0.0369331805744502,0.6020699129844012,0.966290517389284,0.5410627027564862,1.027297727617199,True,False
0.1628337589906866,0.7880317091563417,0.09297062520629697,0.0979958588133234,0.0375731520284067,0.6058126321318279,0.9702507861808555,0.5447689821838234,1.03129443612886,True,False
0.1520235719931688,0.79205284405701,0.0931438629504734,0.0993125921015433,0.0382442811641597,0.6094942272931475,0.9746114608208726,0.5483368310495811,1.035768857064439,True,False
0.1419310503228268,0.7962385072437126,0.09344084314732995,0.1007536065336059,0.0389461779928614,0.6130978199898895,0.9793791944975356,0.5517454293043887,1.0407315851830365,True,False
0.1325085497046866,0.800583586071314,0.09386687930635682,0.1023195399609513,0.0396783717878135,0.6166078832896865,0.9845592888529414,0.554975761214845,1.046191410927783,True,False
0.1237115888658751,0.8050829678946786,0.09442652253248109,0.1040103944818881,0.040440319531022,0.6200103845456557,0.9901555512437015,0.5580108059207964,1.0521551298685607,True,False
0.1154986395506374,0.8097315400686715,0.09512350370070721,0.1058255719824268,0.0412314142780682,0.6232928987320229,0.9961701814053202,0.560835688738555,1.058627391398788,True,False
0.1078309304758091,0.8145241899481573,0.09596069311893313,0.1077639172260485,0.0420509932954049,0.6264446875035479,1.0026036923927668,0.5634377867053451,1.0656105931909696,False,False
0.1006722643012691,0.8194558048880005,0.0969400792688772,0.1098237665486384,0.0428983458516911,0.6294567408625433,1.0094548689134577,0.5658067842048318,1.0731048255711693,False,False
0.0939888467513341,0.8245212722430657,0.09806276718713233,0.1120030002078446,0.0437727205719098,0.6323217803319502,1.0167207641541813,0.5679346772031812,1.0811078672829502,False,False
0.0877491270804207,0.8297154793682182,0.09932899598845958,0.1142990965376526,0.0446733322886023,0.6350342246103139,1.0243967341261224,0.5698157273984055,1.089615231338031,False,False
0.0819236491298531,0.835033313618322,0.10073817404426157,0.1167091862448199,0.0455993683477639,0.6375901206232417,1.0324765066134023,0.5714463701739594,1.0986202570626846,False,False
0.0764849122726919,0.8404696623482424,0.10228892950094201,0.1192301054267793,0.0465499943472505,0.6399870445092394,1.0409522801872453,0.5728250824146928,1.108114242281792,False,False
0.0714072415901412,0.8460194129128434,0.10397917322072431,0.1218584461638751,0.0475243593026906,0.6422239782579722,1.0498148475677147,0.5739522178187522,1.1180866080069347,False,False
0.0666666666666666,0.8516774526669904,0.1058061708844928,0.1245906038186491,0.0485216002498604,0.644301168391294,1.0590537369426867,0.5748298182365543,1.1285250870974264,False,False
