Interval,Avg. Change,Avg. Moves,No. Matches,Winning Rate,Z-statistic,p-value
"]-1, -0.15]",-0.1920,13,"1,484",0.3369,-13.3,0.0000
"]-0.15, -0.12]",-0.1322,11.6,"2,165",0.4125,-8.27,0.0000
"]-0.12, -0.09]",-0.1028,10.8,"5,089",0.4429,-8.20,0.0000
"]-0.09, -0.06]",-0.0730,9.43,"11,422",0.4520,-10.3,0.0000
"]-0.06, -0.03]",-0.0434,8.31,"24,443",0.4780,-6.88,0.0000
"]-0.03, 0[",-0.0153,6.87,"41,330",0.4853,-5.99,0.0000
"]0, 0.03[",0.0152,6.89,"40,595",0.5279,11.2,0.0000
"[0.03, 0.06[",0.0434,8.37,"23,742",0.5462,14.3,0.0000
"[0.06, 0.09[",0.0727,9.63,"11,062",0.5629,13.3,0.0000
"[0.09, 0.12[",0.1026,10.7,"4,644",0.5896,12.4,0.0000
"[0.12, 0.15[",0.1330,11.5,"2,044",0.5866,7.95,0.0000
"[0.15, 1[",0.1927,13.1,"1,554",0.6345,11,0.0000
