pctl,beta_1,se,ci_lo,ci_up
1.0,1.2888703633144274,0.03781599387225867,1.2147523772852131,1.3629883493436417
1.4924623115577889,1.282893166825041,0.036281056740702186,1.2117836022922106,1.3540027313578713
1.984924623115578,1.276920190950594,0.034776987978914126,1.20875854702114,1.3450818348800482
2.477386934673367,1.270954370679135,0.03330844846573066,1.2056710113053946,1.3362377300528756
2.969849246231156,1.2649993028917934,0.03188071473516108,1.2025142502094823,1.3274843555741045
3.462311557788945,1.259059177204679,0.030499657002771956,1.1992809479384212,1.318837406470937
3.9547738693467336,1.2531387070666937,0.02917170126971462,1.1959632232102917,1.3103141909230958
4.447236180904523,1.2472430612456389,0.02790376725454118,1.19255268239375,1.3019334400975278
4.939698492462312,1.2413777958498016,0.026703171845881633,1.1890405407588895,1.2937150509407136
5.432160804020101,1.2355487870447959,0.025577486201253403,1.185417835275269,1.2856797388143228
5.92462311557789,1.2297621646361625,0.024534334428393898,1.1816757527718493,1.2778485765004757
6.417085427135678,1.2240242466969269,0.023581124241271418,1.1778060924690705,1.2702424009247832
6.909547738693467,1.2183414754260493,0.02272470652050215,1.1738018690866225,1.262881081765476
7.402010050251256,1.2127203544287994,0.021970972370732908,1.1696580398768384,1.2557826689807605
7.894472361809044,1.2071673876133715,0.021324412745444235,1.165372306640834,1.248962468585909
8.386934673366834,1.2016890198989887,0.020787684276972484,1.160945907394133,1.2424321324038443
8.879396984924623,1.1962915799306575,0.020361240059907665,1.1563842827326642,1.2361988771286507
9.37185929648241,1.1909812249935463,0.020043088645788663,1.1516974931088568,1.2302649568782358
9.864321608040202,1.1857638883164598,0.019828732850752914,1.146900286069918,1.2246274905630017
10.356783919597989,1.1806452289486313,0.019711312009713017,1.142011767321562,1.2192786905757007
10.84924623115578,1.1756305843873889,0.019681934098050458,1.137054702409119,1.2142064663656587
11.341708542713567,1.1707249261264283,0.01973014959825832,1.1320545435042546,1.209395308748602
11.834170854271358,1.1659328182848028,0.019844498184151134,1.1270383165525961,1.2048273200170094
12.326633165829145,1.1612583794664002,0.020013057134344266,1.122033508262543,1.2004832506702574
12.819095477386936,1.1567052479876825,0.02022393414994504,1.1170670654280805,1.1963434305472844
13.311557788944725,1.1522765505994088,0.02046566935060272,1.1121645757527223,1.1923885254460953
13.804020100502514,1.1479748748137462,0.02072753360082399,1.1073496554677873,1.188600094159705
14.296482412060302,1.1438022449333076,0.020999727606808353,1.1026435351388117,1.1849609547278035
14.78894472361809,1.1397601018639247,0.021273496551957035,1.098064814796852,1.1814553889309976
15.281407035175882,1.1358492867764975,0.021541179126097893,1.0936293515048197,1.1780692220481754
15.77386934673367,1.1320700286668195,0.02179620954352432,1.0893502429620237,1.1747898143716153
16.26633165829146,1.1284219358451684,0.022033088510552145,1.0852378758963028,1.171605995794034
16.758793969849247,1.1249039913697705,0.02224733559988062,1.0813000148420286,1.1685079678975123
17.251256281407038,1.1215145524207029,0.022435432040955997,1.0775419136428332,1.1654871911985725
17.743718592964825,1.1182513535927752,0.02259475999109524,1.073966437770902,1.1625362694146484
18.236180904522612,1.1151115140678092,0.02272354204700125,1.0705741900545052,1.1596488380811132
18.728643216080403,1.1120915486089031,0.022820783056921434,1.0673636357183351,1.1568194614994711
19.221105527638194,1.1091873823012226,0.022886215094447028,1.0643312249736694,1.1540435396287758
19.71356783919598,1.1063943689470697,0.022920245634704524,1.0614715129862373,1.151317224907902
20.20603015075377,1.103707313004243,0.022923908424466236,1.0587772781073947,1.1486373479010912
20.69849246231156,1.1011204949406397,0.022898816171749548,1.0562396399554073,1.146001349925872
21.190954773869347,1.0986276998617142,0.022847113936381783,1.0538481793957226,1.1434072203277057
21.683417085427138,1.0962222492514995,0.022771431940337268,1.0515910627720333,1.1408534357309656
22.175879396984925,1.0938970356527564,0.0226748364143244,1.0494551729253432,1.1383388983801697
22.668341708542716,1.0916445600974933,0.022560777050823204,1.047426249614642,1.1358628705803446
23.160804020100503,1.0894569720857261,0.02243302965327168,1.0454890419011946,1.1334249022702576
23.653266331658294,1.0873261118975623,0.022295632678045994,1.043627474836058,1.1310247489590668
24.14572864321608,1.085243555012231,0.022152816590031602,1.0418248323396477,1.1286622776848143
24.63819095477387,1.0832006583970504,0.022008925327073964,1.040063957417554,1.1263373593765467
25.13065326633166,1.0811886084198958,0.021868329721442772,1.0383274697638212,1.1240497470759705
25.62311557788945,1.0791984701304655,0.021735333470097613,1.0365979993371062,1.121798940923825
26.115577889447238,1.07722123764847,0.02161407316433083,1.034858432687168,1.119584042609772
26.60804020100503,1.0752478853907093,0.0215084149268545,1.0330921667695308,1.1174036040118878
27.10050251256282,1.073269419864915,0.021421851256702002,1.031283362919605,1.1152554768102252
27.592964824120603,1.0712769317545265,0.02135740260182406,1.0294171918516293,1.1131366716574238
28.085427135678394,1.0692616480168147,0.02131752879181536,1.027480059345461,1.1110432366881684
28.57788944723618,1.0672149837159195,0.02130405560183578,1.0254598020116825,1.1089701654201565
29.070351758793972,1.0651285933131833,0.021318121267034897,1.0233458434117375,1.1069113432146291
29.562814070351763,1.0629944211390685,0.021360146699682683,1.0211293029031983,1.1048595393749387
30.05527638190955,1.0608047507743983,0.02142983156969225,1.018803052703042,1.1028064488457545
30.54773869346734,1.0585522530732512,0.02152617649444069,1.0163617224192947,1.1007427837272077
31.040201005025125,1.0562300325659197,0.021647529619386253,1.0138016541576587,1.0986584109741808
31.532663316582916,1.0538316719877938,0.021791654141971095,1.0111208147059774,1.0965425292696103
32.02512562814071,1.0513512746876466,0.02195581206931371,1.008318673780462,1.0943838755948312
32.517587939698494,1.0487835046795473,0.022136858836454283,1.0053960586292496,1.092170950729845
33.01005025125628,1.046123624113344,0.022331343358979766,1.002354995403346,1.0898922528233421
33.502512562814076,1.0433675279503485,0.022535608561758243,0.9991985467996098,1.0875365091010871
33.99497487437186,1.0405117756441773,0.022745888258327567,0.9959306538614827,1.0850928974268719
34.48743718592965,1.0375536196406945,0.022958397275552885,0.9925559878378484,1.0825512514435407
34.97989949748744,1.034491030526131,0.0231694127641945,0.9890798159653672,1.079902245086895
35.472361809045225,1.0313227186682776,0.02337534558657516,0.985507883192413,1.0771375541441421
35.96482412060302,1.0280481522124927,0.023572801454236895,0.9818463103474749,1.0742499940775103
36.45728643216081,1.0246675713116118,0.023758632072072836,0.9781015081284108,1.0712336344948128
36.949748743718594,1.0211819984869315,0.023929976935092037,0.9742801055432769,1.0680838914305861
37.44221105527639,1.0175932450363827,0.024084296644774166,0.9703888910196465,1.0647975990531189
37.93467336683417,1.0139039134246708,0.024219398698279625,0.9664347642488265,1.0613730626005151
38.42713567839196,1.010117395609199,0.024333456691540363,0.9624246968744148,1.0578100943439834
38.91959798994975,1.0062378672769854,0.024425023799134978,0.9583657003091471,1.0541100342448235
39.41206030150754,1.0022702779865678,0.02449304127473539,0.9542647992162334,1.050275756756902
39.90452261306533,0.9982203372292161,0.02453684257602872,0.9501290094858708,1.0463116649725615
40.39698492462312,0.994094496443897,0.024556153570380972,0.9459653198471156,1.0422236730406784
40.88944723618091,0.9898999270404595,0.024551089130697517,0.9417806765630595,1.0380191775178593
41.381909547738694,0.9856444945053748,0.02452214629011692,0.9375819709531231,1.0337070180576264
41.87437185929648,0.9813367286838763,0.02447019399234207,0.9333760297641774,1.0292974276035751
42.366834170854275,0.9769857903515784,0.024396459353807246,0.9291696086678208,1.0248019720353359
42.85929648241206,0.9726014342073486,0.024302510246751712,0.9249693893897996,1.0202334790248975
43.35175879396985,0.9681939684374417,0.024190233921975047,0.9207819811727714,1.0156059557021118
43.844221105527645,0.963774211018505,0.02406181132164071,0.9166139274252911,1.010934494611719
44.33668341708543,0.9593534429433817,0.02391968669289546,0.9124717185038246,1.0062351673829388
44.82914572864322,0.9549433585702168,0.023766532112367046,0.9083618115925628,1.001524905547871
45.321608040201006,0.9505560133106791,0.023605206580876878,0.9042906585645325,0.9968213680568256
45.814070351758794,0.9462037688866928,0.023438709459405002,0.9002647425021607,0.9921427952712248
46.30653266331659,0.9418992363985526,0.023270128203902833,0.8962906232032732,0.9875078495938319
46.798994974874375,0.9376552174591744,0.02310258062618822,0.8923749914819126,0.9829354434364361
47.29145728643216,0.9334846436603372,0.022939152262684448,0.8885247313895952,0.9784445559310793
47.78391959798996,0.9294005146463002,0.02278282986295171,0.8847469886490112,0.9740540406435892
48.27638190954774,0.9254158350787299,0.02263643249214115,0.881049242655661,0.9697824275017989
48.76884422110553,0.9215435507839663,0.02250254223526335,0.8774393784422587,0.9656477231256739
49.26130653266332,0.9177964843794847,0.022383436940241065,0.8739257541263887,0.9616672146325806
49.753768844221106,0.9141872706807791,0.022281027773760072,0.8705172587056726,0.9578572826558855
50.2462311557789,0.9107282921928683,0.022196804520066102,0.8672233547616629,0.9542332296240738
50.73869346733668,0.907431614992753,0.022131791470670792,0.8640541007968875,0.9508091291886186
51.231155778894475,0.904308925308774,0.022086516401304716,0.8610201486182636,0.9475977019992845
51.72361809045226,0.9013714671017821,0.022060994516955645,0.8581327123854134,0.9446102218181507
52.21608040201006,0.8986299809503007,0.022054728415296217,0.8554035075675079,0.9418564543330934
52.70854271356784,0.8960946445379374,0.022066724159760073,0.8528446599280278,0.939344629147847
53.20100502512564,0.893775015035608,0.02209552257677419,0.8504685865655389,0.937081443505677
53.69346733668342,0.8916799736643816,0.02213924401202167,0.848287852755875,0.9350720945728881
54.185929648241206,0.8898176727164326,0.022195644095390748,0.8463150096757976,0.9333203357570676
54.678391959799,0.8881954853019925,0.02226217763644903,0.8445624189171195,0.9318285516868656
55.17085427135678,0.8868199580793418,0.02233606762219379,0.8430420699835908,0.9305978461750928
55.66331658291458,0.8856967672127255,0.02241437639595334,0.8417653967407323,0.9296281376847187
56.15577889447236,0.8848306777894817,0.022494076408918744,0.8407430981625088,0.9289182574164545
56.64824120603016,0.8842255069137963,0.022572118384989775,0.839984967824442,0.9284660460031506
57.140703517587944,0.8838840906793004,0.0226454952539758,0.8394997355694351,0.9282684457891657
57.633165829145725,0.8838082552044634,0.022711300725062382,0.8392949237412827,0.9283215866676441
58.125628140703526,0.8839987918986547,0.022766781843680063,0.8393767194411614,0.928620864356148
58.618090452261306,0.884455437107991,0.022809385271133766,0.8397498634670705,0.9291610107489116
59.1105527638191,0.8851768562710796,0.022836797333598162,0.8404175559749868,0.9299361565671723
59.60301507537689,0.8861606326947532,0.022846978104484408,0.8413813784543885,0.9309398869351179
60.09547738693468,0.8874032610395748,0.02283818991925786,0.8426412313257436,0.9321652907534059
60.58793969849246,0.8889001455838872,0.022809020786747895,0.8441952863192359,0.9336050048485385
61.08040201005025,0.8906456033137289,0.022758403169399914,0.8460399527560628,0.935251253871395
61.572864321608044,0.8926328718643146,0.02268562856957135,0.8481698569013019,0.9370958868273274
62.06532663316583,0.8948541223166357,0.02259035829067761,0.8505778336690518,0.9391304109642197
62.557788944723626,0.8973004768304695,0.022472630648995788,0.8532549301205669,0.9413460235403722
63.050251256281406,0.8999620310742314,0.022332864799680156,0.8561904203952561,0.9437336417532068
63.5427135678392,0.9028278813884729,0.02217186121343254,0.8593718319399246,0.9462839308370212
64.03517587939699,0.9058861565979589,0.02199079869990906,0.8627849831548668,0.948987330041051
64.52763819095478,0.9091240543663694,0.02179122772230623,0.8664140328517385,0.9518340758810004
65.02010050251256,0.9125278819660144,0.02157505958759386,0.8702415422100249,0.9548142217220039
65.51256281407035,0.916083101314096,0.021344550933002044,0.8742485502192312,0.9579176524089608
66.00502512562815,0.9197743781066873,0.021102282770152126,0.878414663885609,0.9611340923277656
66.49748743718592,0.9235856348619309,0.020851133207496087,0.8827181647383915,0.9644531049854703
66.98994974874373,0.9275001076649254,0.02059424287058137,0.8871361333497152,0.9678640819801356
67.48241206030151,0.9315004063886323,0.020334972007313396,0.8916445936276679,0.9713562191495967
67.9748743718593,0.9355685781478577,0.020076848339286735,0.8962186784797829,0.9749184778159324
68.46733668341709,0.9396861737269537,0.019823504943440515,0.9008328179904586,0.9785395294634489
68.95979899497488,0.9438343167066985,0.01957860786355467,0.9054609504266986,0.9822076829866984
69.45226130653268,0.9479937750020432,0.019345773790865016,0.9100767551188889,0.9859107948851975
69.94472361809045,0.9521450345082749,0.01912847902537305,0.9146539045395139,0.989636164477036
70.43718592964825,0.9562683745423665,0.018929961999770865,0.9191663307941037,0.9933704182906292
70.92964824120604,0.9603439447553892,0.01875312282709366,0.9235884994166297,0.9970993900941487
71.42211055276381,0.9643518431829958,0.01860042446988707,0.9278956811248597,1.0008080052411321
71.91457286432161,0.9682721950927939,0.01847380102152762,0.9320642104330406,1.0044801797525473
72.4070351758794,0.9720852322814151,0.018374579020624345,0.9360717191699061,1.008098745392924
72.89949748743719,0.9757713724687969,0.01830341750312774,0.9398973333686664,1.0116454115689273
73.39195979899498,0.9793112984339128,0.018260271543669902,0.9435218238603982,1.0151007730074275
73.88442211055278,0.9826860365340535,0.018244382397580052,0.9469277041146201,1.018444368953487
74.37688442211055,0.9858770342491647,0.01825429522922155,0.9500992730367291,1.0216547954616002
74.86934673366834,0.9888662363939531,0.018287903119369595,0.953022604927231,1.0247098678606752
75.36180904522614,0.9916361596422889,0.0183425139462081,0.9556854929217974,1.0275868263627805
75.85427135678393,0.9941699650122309,0.018414935147358688,0.9580773553457671,1.0302625746786946
76.34673366834171,0.9964515279661272,0.018501570490485363,0.9601891161473468,1.0327139397849077
76.8391959798995,0.9984655057862184,0.018598522849890785,0.9620130708347873,1.0349179407376496
77.3316582914573,1.000197401894382,0.018701697507555848,0.96354274832981,1.036852055458954
77.82412060301507,1.0016336267941064,0.018806901476521223,0.9647727772393316,1.0384944763488813
78.31658291457286,1.002761555323263,0.01890993555669053,0.9656987626821761,1.0398243479643499
78.80904522613066,1.0035695799184126,0.019006677072574724,0.9663171773903829,1.0408219824464422
79.30150753768844,1.004047159604314,0.019093152357140306,0.9666252686329828,1.041469050575645
79.79396984924624,1.0041848644363922,0.019165598948144173,0.9666209807558909,1.0417487481168934
80.28643216080403,1.003974415139527,0.019220518123698665,0.9663028918528781,1.0416459384261756
80.77889447236181,1.0034087177023117,0.019254718835201936,0.9656701622528708,1.0411472731517524
81.2713567839196,1.002481892703787,0.01926535433628966,0.9647224920552567,1.0402412933523173
81.76381909547739,1.0011892991654379,0.019249952903447238,0.963460084770589,1.0389185135602867
82.25628140703517,0.9995275527422677,0.01920644404502683,0.9618836141429313,1.0371714913416041
82.74874371859296,0.9974945380852633,0.019133181539882076,0.9599941913574278,1.0349948848130988
83.24120603015076,0.9950894152268818,0.01902896456536481,0.9577933300156779,1.0323855004380857
83.73366834170855,0.9923126198613608,0.01889305808742382,0.9552829064521868,1.0293423332705347
84.22613065326634,0.9891658574123913,0.018725213603722514,0.9524651131462757,1.025866601678507
84.71859296482413,0.9856520908010393,0.01852569125556395,0.9493424031514254,1.0219617784506534
85.21105527638191,0.981775521847848,0.018295284248520335,0.9459174236338252,1.0176336200618707
85.7035175879397,0.9775415662635334,0.018035346426643256,0.9421929368186095,1.0128901957084573
86.19597989949749,0.972956822203556,0.017747823699606334,0.9381717269483612,1.0077419174587507
86.68844221105529,0.9680290323819798,0.01743528977654042,0.9338564923599412,1.0022015724040185
87.18090452261306,0.9627670397604658,0.01710098624151746,0.9292497226269767,0.996284356893955
87.67336683417086,0.9571807368472722,0.016748866309535655,0.924353562098706,0.9900079115958385
88.16582914572865,0.9512810086597009,0.016383640489996954,0.9191696633636547,0.9833923539557471
88.65829145728642,0.9450796694234846,0.016010820688180348,0.9136990375117223,0.976460301335247
89.15075376884423,0.9385893930989674,0.015636756819141038,0.9079419128984398,0.9692368732994949
89.64321608040201,0.9318236378404277,0.015268656679829472,0.9018976206556549,0.9617496550252004
90.1356783919598,0.9247965645108052,0.014914575705047223,0.8955645332842165,0.9540285957373938
90.62814070351759,0.9175229493885956,0.01458335881842054,0.8889400913308667,0.9461058074463244
91.12060301507539,0.9100180912167415,0.014284513086849549,0.8820209600298253,0.9380152224036576
91.61306532663318,0.902297712755728,0.014027989449606214,0.874803358658992,0.9297920668524641
92.10552763819095,0.8943778570131742,0.013823857413750203,0.8672835943548067,0.9214721196715416
92.59798994974875,0.8862747783317156,0.013681871210427174,0.859458803518163,0.9130907531452683
93.09045226130654,0.8780048285241207,0.01361095033854054,0.851327856065218,0.9046818009830233
93.58291457286433,0.8695843382504528,0.013618627838594398,0.8428923181679532,0.8962763583329524
94.07537688442211,0.8610294938361438,0.013710546170625518,0.8341573171333442,0.8879016705389434
94.56783919597991,0.8523562097324765,0.013890089883726246,0.8251321338183489,0.8795802856466041
95.06030150753769,0.8435799968207225,0.014158226708773716,0.8158303823865729,0.8713296112548721
95.55276381909547,0.8347158267597631,0.014513586123143175,0.8062697206718822,0.863161932847644
96.04522613065328,0.8257779925731077,0.014952751787393746,0.7964711376000491,0.8550848475461663
96.53768844221105,0.8167799656657283,0.015470701933921737,0.7864579470596875,0.8471019842717691
97.03015075376885,0.8077342494528936,0.01606131387656114,0.7762546527104404,0.8392138461953469
97.52261306532664,0.7986522297733146,0.01671785641415189,0.765885833302865,0.8314186262437643
98.01507537688443,0.7895440222460196,0.017433417603554838,0.7553751516156055,0.8237128928764337
98.50753768844221,0.7804183167164565,0.018201242860797807,0.7447445362354259,0.816092097197487
99.0,0.7712822189192233,0.019014980737088096,0.7340135415078077,0.8085508963306389
