bookie,start_idx,start_value,gamma,std_gamma,J_stat,p_value
10Bet,0,0.01,0.05736621093750008,0.017750811945036284,10.322625711986746,0.6673632146150699
10Bet,1,0.9507143064099162,0.057342277685197306,0.017750908678453556,10.322622071798559,0.667363516280596
10Bet,2,0.7319939418114051,0.057367970030696595,0.017750804836154734,10.32262611271715,0.6673631814061941
10Bet,3,0.5986584841970366,0.05733824828272063,0.017750924966603063,10.322621791042327,0.667363539547105
10Bet,4,0.15601864044243652,0.057332850861314344,0.017750946785780965,10.323567163082487,0.6672851945439489
10Bet,5,0.15599452033620265,0.05732398734058674,0.017750982618446078,10.323567889000222,0.6672851343846606
10Bet,6,0.05808361216819946,0.05735047673140846,0.017750875537225704,10.322622938649884,0.6673634444438843
10Bet,7,0.8661761457749352,0.057322579373787576,0.017750988310818897,10.323568046722922,0.6672851213136402
10Bet,8,0.6011150117432088,0.05734972550849047,0.01775087857350137,10.322622842734283,0.6673634523924923
10Bet,9,0.7080725777960455,0.0573385798700516,0.017750923626244388,10.322621810531237,0.6673635379320422
10x10bet,0,0.01,0.03783867187500002,0.010168444396531954,14.547202370741255,0.33646564436521875
10x10bet,1,0.9507143064099162,0.0377999458912072,0.010168374381989326,14.547232216061248,0.3364636702917764
10x10bet,2,0.7319939418114051,0.03780196497229282,0.010168378041417368,14.531952313879382,0.3374752753831942
10x10bet,3,0.5986584841970366,0.03786741455673824,0.0101684961247037,14.547227269566992,0.3364639974696429
10x10bet,4,0.15601864044243652,0.037863849983350246,0.010168489720514413,14.54722200891166,0.336464345427403
10x10bet,5,0.15599452033620265,0.037857996323291315,0.01016847919685738,14.54721470380277,0.33646482861269206
10x10bet,6,0.05808361216819946,0.03782014575123892,0.010168410948029062,14.531973336019869,0.3374738823213299
10x10bet,7,0.8661761457749352,0.03781537691109489,0.010168402324503247,14.53196627674811,0.33747435011355775
10x10bet,8,0.6011150117432088,0.03786760412111864,0.010168496465130447,14.54722756654107,0.3364639778267669
10x10bet,9,0.7080725777960455,0.03784151793481616,0.01016844952746186,14.547203050506388,0.336465599403105
1xBet,0,0.01,0.02468730468750001,0.011689473778879333,12.680947996899071,0.47274713313091987
1xBet,1,0.9507143064099162,0.024712537159048413,0.011689462354218647,12.68094724997788,0.4727471921594495
1xBet,2,0.7319939418114051,0.024698764091912136,0.011689468582777777,12.680946633443678,0.47274724088361064
1xBet,3,0.5986584841970366,0.024688633502797402,0.011689473175661118,12.680947751391514,0.47274715253316735
1xBet,4,0.15601864044243652,0.024696920409390595,0.011689469417894163,12.680946737722145,0.47274723264257434
1xBet,5,0.15599452033620265,0.024693102324947463,0.01168947114845755,12.680947093984681,0.47274720448745566
1xBet,6,0.05808361216819946,0.024698864906699113,0.011689468537222655,12.680946629013869,0.4727472412336946
1xBet,7,0.8661761457749352,0.024679993294197358,0.011689477100879203,12.6809497580518,0.4727469939485701
1xBet,8,0.6011150117432088,0.02468977914901966,0.011689472655919566,12.680947558135301,0.4727471678060373
1xBet,9,0.7080725777960455,0.024717498155627557,0.011689460115298998,12.680948074791837,0.472747126975123
888sport,0,0.01,0.023087695312500003,0.014896324389333237,14.670307852925127,0.32838433253471355
888sport,1,0.9507143064099162,0.023106059768120836,0.014896308364267571,14.669518310271753,0.3284357702288808
888sport,2,0.7319939418114051,0.02312254666838269,0.014896293866476907,14.669519760095712,0.32843567577004856
888sport,3,0.5986584841970366,0.02311306258979837,0.014896302219124632,14.669518624919935,0.32843574972894257
888sport,4,0.15601864044243652,0.02309045406157332,0.014896321990169735,14.670307597162244,0.3283843491965157
888sport,5,0.15599452033620265,0.023086884332960314,0.014896325093928287,14.670307941243761,0.3283843267811519
888sport,6,0.05808361216819946,0.023087101391309102,0.014896324905401291,14.67030791702047,0.32838432835919007
888sport,7,0.8661761457749352,0.023116445960744157,0.014896299243384224,14.669518936285238,0.3284357294428906
888sport,8,0.6011150117432088,0.02307499799335872,0.014896335393256242,14.670309920360602,0.3283841978506049
888sport,9,0.7080725777960455,0.023117160780396096,0.014896298614068725,14.669519015352558,0.32843572429150186
Alphabet,0,0.01,0.03984375000000007,0.009978674401438447,9.457843293018998,0.737552944411105
Alphabet,1,0.9507143064099162,0.039828279544805736,0.009978657147712185,9.457849867633444,0.7375524255297942
Alphabet,2,0.7319939418114051,0.039874547916667294,0.009978708666128374,9.457864862577665,0.7375512420987025
Alphabet,3,0.5986584841970366,0.0398323107962216,0.009978661646342127,9.457847031157268,0.7375526493900239
Alphabet,4,0.15601864044243652,0.039810654844925665,0.009978637457079189,9.442240392726031,0.738783569241962
Alphabet,5,0.15599452033620265,0.03980450021352164,0.00997863057236999,9.442236890548754,0.7387838452870208
Alphabet,6,0.05808361216819946,0.03980315657291882,0.009978629068835376,9.442236370298687,0.738783886293636
Alphabet,7,0.8661761457749352,0.03988169128228717,0.009978716597814078,9.457876444873268,0.7375503279996984
Alphabet,8,0.6011150117432088,0.03983982930765767,0.009978670031391213,9.45784385649342,0.7375528999406229
Alphabet,9,0.7080725777960455,0.03985717375930392,0.009978689349951974,9.457847027778618,0.7375526496566737
BetInAsia,0,0.01,0.021215624999999995,0.014044882259407084,4.378528908700216,0.9864581921522017
BetInAsia,1,0.9507143064099162,0.021239621434033837,0.014044937710689872,4.372015967072631,0.9865522321678852
BetInAsia,2,0.7319939418114051,0.021248107836064664,0.014044957247420666,4.372026259918103,0.9865520839157077
BetInAsia,3,0.5986584841970366,0.021204436740065,0.014044856299519097,4.36560688325734,0.9866443204849162
BetInAsia,4,0.15601864044243652,0.021245350803996938,0.014044950904594738,4.372022660022184,0.9865521357666526
BetInAsia,5,0.15599452033620265,0.021165516278526215,0.014044765463301695,4.3720259127706695,0.9865520889158369
BetInAsia,6,0.05808361216819946,0.021241358481198454,0.014044941712636044,4.378506607315405,0.9864585149521733
BetInAsia,7,0.8661761457749352,0.021239924824619665,0.01404493840988385,4.378507275169128,0.9864585052854462
BetInAsia,8,0.6011150117432088,0.021200457665143068,0.01404484705058764,4.365601248381753,0.9866444012520972
BetInAsia,9,0.7080725777960455,0.021221433020081122,0.014044895709069602,4.378521963709861,0.9864582926776051
BetVictor,0,0.01,0.013880468749999996,0.01355487840451402,14.69741470595065,0.3266214390146263
BetVictor,1,0.9507143064099162,0.013915163833534246,0.013554782356661285,14.697250241877432,0.32663211685122434
BetVictor,2,0.7319939418114051,0.013879023316876935,0.013554882383047874,14.697414746421574,0.32662143638707714
BetVictor,3,0.5986584841970366,0.01386005470127075,0.013554934423769763,14.697417707865686,0.3266212441172241
BetVictor,4,0.15601864044243652,0.013867223202996246,0.013554914793827194,14.69741605795021,0.32662135123691577
BetVictor,5,0.15599452033620265,0.01386507936367124,0.013554920669167005,14.69741648381356,0.3266213235880119
BetVictor,6,0.05808361216819946,0.013912840227163976,0.013554788822169607,14.697249560891386,0.3266321610647299
BetVictor,7,0.8661761457749352,0.013887683821632746,0.013554858517904235,14.697414896362835,0.3266214266522355
BetVictor,8,0.6011150117432088,0.01387693669992903,0.013554888123072635,14.697414851118898,0.32662142958966944
BetVictor,9,0.7080725777960455,0.013896529381734326,0.013554834074832307,14.697082823204534,0.3266429867422012
Betfair,0,0.01,0.03290703125000003,0.02068295064539822,15.65561132819076,0.26822780287376957
Betfair,1,0.9507143064099162,0.03289564923642221,0.020683123867597665,15.655611607872453,0.26822778695674204
Betfair,2,0.7319939418114051,0.03293246730976358,0.02068256201796845,15.655613522055289,0.2682276780182712
Betfair,3,0.5986584841970366,0.03288529271101885,0.02068328111871736,15.656205121844158,0.26819401084117217
Betfair,4,0.15601864044243652,0.0329123721714086,0.02068286921777587,15.655611465468771,0.2682277950611099
Betfair,5,0.15599452033620265,0.032907283997899855,0.020682946793988286,15.655611330818134,0.26822780272424246
Betfair,6,0.05808361216819946,0.032892397892730775,0.020683173272621966,15.655611830631619,0.2682277742792459
Betfair,7,0.8661761457749352,0.03288762553489312,0.02068324572800739,15.65620505546181,0.26819401461873904
Betfair,8,0.6011150117432088,0.032918788303309486,0.020682771275180496,15.655611857482723,0.26822777275111653
Betfair,9,0.7080725777960455,0.032916039926306255,0.020682813245557697,15.65561165919808,0.26822778403573805
Betfred,0,0.01,0.032512207031250046,0.0177032976299418,10.205468020542456,0.677052387765406
Betfred,1,0.9507143064099162,0.032505707821683744,0.01770329524297145,10.205468607694417,0.6770523393115927
Betfred,2,0.7319939418114051,0.03252925409413568,0.017703303923542357,10.205467767223249,0.677052408670184
Betfred,3,0.5986584841970366,0.03252766515278653,0.01770330333488796,10.205467712090455,0.6770524132199335
Betfred,4,0.15601864044243652,0.03253022934664329,0.01770330428507017,10.20546780908013,0.6770524052160096
Betfred,5,0.15599452033620265,0.03252520025149533,0.017703302422673765,10.205467658600142,0.6770524176341388
Betfred,6,0.05808361216819946,0.03251377669036483,0.017703298207454143,10.205467919335348,0.6770523961173671
Betfred,7,0.8661761457749352,0.03252323838372407,0.017703301697252514,10.205467643869387,0.677052418849772
Betfred,8,0.6011150117432088,0.03250181612872076,0.01770329381693316,10.205469088897667,0.6770522996010331
Betfred,9,0.7080725777960455,0.03252967708173249,0.01770330408042026,10.2054677846285,0.6770524072338424
Betsafe,0,0.01,0.036473437500000004,0.017432597035607667,12.665868640833098,0.4739394356085379
Betsafe,1,0.9507143064099162,0.036484764021408406,0.017432615792362216,12.670172490208758,0.47359901559061013
Betsafe,2,0.7319939418114051,0.03648487626351596,0.017432615978191582,12.670172498012501,0.4735990149734479
Betsafe,3,0.5986584841970366,0.03650194412494848,0.017432644193933585,12.674526928196753,0.47325469244482254
Betsafe,4,0.15601864044243652,0.036449169244572796,0.017432556760406524,12.670182039916472,0.47359826034811736
Betsafe,5,0.15599452033620265,0.03651627587616128,0.017432667841560043,12.674522928046269,0.47325500870759796
Betsafe,6,0.05808361216819946,0.03644746663554507,0.017432553930218732,12.66585798511401,0.47394027855976095
Betsafe,7,0.8661761457749352,0.03649158231330442,0.017432627071194466,12.674532251800999,0.4732542715463234
Betsafe,8,0.6011150117432088,0.03648680801107502,0.017432619174656886,12.670172669596402,0.4735990014036613
Betsafe,9,0.7080725777960455,0.03648341364055138,0.017432613557335466,12.670172414974921,0.47359902154051003
Betsson,0,0.01,0.039007031250000095,0.017538765367353167,14.73621416391162,0.3241085616210357
Betsson,1,0.9507143064099162,0.038969770135422355,0.017538701228949474,14.731103361968794,0.32443886240855047
Betsson,2,0.7319939418114051,0.03900736026953836,0.01753876593254565,14.736213900220992,0.32410857865730985
Betsson,3,0.5986584841970366,0.03902388068374235,0.017538794288480982,14.736203353878311,0.3241092600258738
Betsson,4,0.15601864044243652,0.039024657617013014,0.01753879562085573,14.731094647162658,0.3244394258114966
Betsson,5,0.15599452033620265,0.03901862449888837,0.01753878527219553,14.731092773602922,0.3244395469352219
Betsson,6,0.05808361216819946,0.038995147729817235,0.01753874493930962,14.731092129943795,0.324439588547134
Betsson,7,0.8661761457749352,0.039031851100199445,0.017538807951605433,14.731097792260982,0.3244392224841643
Betsson,8,0.6011150117432088,0.03898809072137736,0.01753873279586254,14.726027692462694,0.32476710430888583
Betsson,9,0.7080725777960455,0.03900190298815068,0.017538756554838997,14.72603630467381,0.3247665471813939
Betway,0,0.01,0.016001562499999997,0.01367924079615614,15.847356534906929,0.2574708985215182
Betway,1,0.9507143064099162,0.01600848772292252,0.013679237596349167,15.847356446502902,0.25747090340928463
Betway,2,0.7319939418114051,0.016013931184885845,0.01367923507987343,15.847356956084795,0.25747087523503515
Betway,3,0.5986584841970366,0.016037061078740176,0.013679224371851427,15.847364805604666,0.2574704412435714
Betway,4,0.15601864044243652,0.016001433267446838,0.0136792408557542,15.84735654439723,0.25747089799680956
Betway,5,0.15599452033620265,0.016038757891061076,0.013679223585320319,15.84736574376886,0.2574703893735227
Betway,6,0.05808361216819946,0.01600419059888421,0.013679239582038314,15.847356404228643,0.25747090574658416
Betway,7,0.8661761457749352,0.016021403868231622,0.013679231622854247,15.847358485757455,0.25747079066104717
Betway,8,0.6011150117432088,0.016026187028781363,0.013679229408899495,15.847359969073084,0.2574707086501096
Betway,9,0.7080725777960455,0.016032545443597647,0.013679226464178726,15.847362550201577,0.25747056594231543
ComeOn,0,0.01,0.03715468750000005,0.014529837188301182,8.304848040003671,0.8231884462864818
ComeOn,1,0.9507143064099162,0.03717717115405252,0.014529717772931786,8.305462026593858,0.8231462557014012
ComeOn,2,0.7319939418114051,0.037177822188656055,0.014529714319969448,8.305462188658499,0.8231462445644435
ComeOn,3,0.5986584841970366,0.037119274147562525,0.014530025919792773,8.306074273985736,0.8231041804422812
ComeOn,4,0.15601864044243652,0.037147367896748246,0.014529876133123823,8.306070349877773,0.8231044501306559
ComeOn,5,0.15599452033620265,0.03714162500309512,0.014529906712344137,8.306070571972734,0.8231044348669551
ComeOn,6,0.05808361216819946,0.03713465702755464,0.01452994384246041,8.30607124165581,0.8231043888423039
ComeOn,7,0.8661761457749352,0.03715691597996487,0.014529825338109412,8.304848131613664,0.8231884399917404
ComeOn,8,0.6011150117432088,0.03716115456355529,0.01452980280746333,8.30484843003344,0.8231884194866048
ComeOn,9,0.7080725777960455,0.037139020391353965,0.014529920588033672,8.30607077094193,0.8231044211925949
Curebet,0,0.01,0.035029296875000046,0.012378521366937742,12.713926772268097,0.4701437118100169
Curebet,1,0.9507143064099162,0.03501929223134616,0.012378516202607746,12.713927679935287,0.470143640235824
Curebet,2,0.7319939418114051,0.035032638526786244,0.01237852309201377,12.71392717001817,0.4701436804453918
Curebet,3,0.5986584841970366,0.035018269335469664,0.012378515674663864,12.713927950131348,0.4701436189294863
Curebet,4,0.15601864044243652,0.03504801062917369,0.012378531028796963,12.713933514885474,0.470143180120313
Curebet,5,0.15599452033620265,0.03504259229110046,0.012378528231140455,12.713930432456909,0.4701434231854664
Curebet,6,0.05808361216819946,0.03499310744023978,0.01237850268969476,12.707042964845847,0.47068666099742573
Curebet,7,0.8661761457749352,0.03505095121147507,0.012378532547365538,12.713935572993707,0.47014301782805024
Curebet,8,0.6011150117432088,0.0350060339709165,0.012378509359768369,12.713933735927446,0.470143162690033
Curebet,9,0.7080725777960455,0.034999114770653206,0.01237850578935617,12.707045039790037,0.47068649730168355
Dafabet,0,0.01,0.07414174804687518,0.024424650094320453,12.559983873687706,0.4823444400544896
Dafabet,1,0.9507143064099162,0.07407436205124357,0.02442815206509762,12.561637109917543,0.48221277446415456
Dafabet,2,0.7319939418114051,0.07413817730506081,0.024424835870350152,12.559983637564574,0.48234445886056665
Dafabet,3,0.5986584841970366,0.07413235620407901,0.024425138676733564,12.55998330904572,0.4823444850255213
Dafabet,4,0.15601864044243652,0.07414232622682922,0.02442462001076871,12.559983914395968,0.4823444368122709
Dafabet,5,0.15599452033620265,0.07413086400167496,0.02442521628932744,12.559983236095228,0.4823444908356792
Dafabet,6,0.05808361216819946,0.07413254246346815,0.02442512898882868,12.559983318474217,0.4823444842745864
Dafabet,7,0.8661761457749352,0.07407645824810406,0.02442804325390261,12.561636945759382,0.48221278753722363
Dafabet,8,0.6011150117432088,0.07409336883943457,0.024427165148939906,12.561635952537461,0.4822128666344727
Dafabet,9,0.7080725777960455,0.07409912107615857,0.024426866336729285,12.561635748907964,0.48221288285092356
GGBET,0,0.01,0.002930468750000005,0.010408181364987721,11.073031939867535,0.6046994571760229
GGBET,1,0.9507143064099162,0.002914115751214782,0.010408182558861735,11.073021843306437,0.604700302935284
GGBET,2,0.7319939418114051,0.0029361964023342643,0.01040818094693733,11.073036806970467,0.6046990494731197
GGBET,3,0.5986584841970366,0.002922406345585875,0.01040818195348001,11.073026257807845,0.6046999331454669
GGBET,4,0.15601864044243652,0.0029283967473666926,0.010408181516184403,11.0730303490032,0.6046995904380525
GGBET,5,0.15599452033620265,0.0029279440242790163,0.010408181549169181,11.073030013427148,0.6046996185482728
GGBET,6,0.05808361216819946,0.0029189284005620287,0.010408182207416202,11.07302422937168,0.6047001030616057
GGBET,7,0.8661761457749352,0.0029172118972087616,0.010408182332717628,11.073023322268945,0.6047001790469378
GGBET,8,0.6011150117432088,0.0029343981103042063,0.01040818107814117,11.073035204646768,0.6046991836950641
GGBET,9,0.7080725777960455,0.0029206265141276068,0.010408182083324452,11.073025187902601,0.6047000227682862
Interwetten,0,0.01,0.04522851562500006,0.015621681401780885,25.235168313111775,0.02149445377519607
Interwetten,1,0.9507143064099162,0.045188378255062764,0.015621634430870775,25.23517177371443,0.021494431153557755
Interwetten,2,0.7319939418114051,0.04522175830031587,0.015621673521587645,25.23516788971387,0.021494456542910274
Interwetten,3,0.5986584841970366,0.045233354731865225,0.015621687038277628,25.234757502653792,0.021497139361919188
Interwetten,4,0.15601864044243652,0.045230550437834485,0.015621683772508825,25.234757304607065,0.021497140656683015
Interwetten,5,0.15599452033620265,0.045234221591532536,0.015621688047283207,25.235168987335456,0.0214944493678567
Interwetten,6,0.05808361216819946,0.0452316203361289,0.015621685018639631,25.23516864401373,0.021494451612119735
Interwetten,7,0.8661761457749352,0.045218106086640085,0.015621669257727018,25.235167830271003,0.02149445693148309
Interwetten,8,0.6011150117432088,0.045221210188238395,0.015621672881769171,25.23516787320997,0.021494456650794865
Interwetten,9,0.7080725777960455,0.04519667369745681,0.015621644171045166,25.23516987942698,0.021494443536336196
Lasbet,0,0.01,0.04139121093750005,0.010033994512808626,10.851530850636665,0.6232538544397835
Lasbet,1,0.9507143064099162,0.041359031705639066,0.010033944525763198,10.851553457910507,0.623251961423419
Lasbet,2,0.7319939418114051,0.04138777025609308,0.010033989177117997,10.851530594723194,0.6232538758686542
Lasbet,3,0.5986584841970366,0.041345034260928476,0.010033922722383739,10.851580789455314,0.6232496728206102
Lasbet,4,0.15601864044243652,0.041425691552630574,0.010034047862610218,10.87251398029049,0.6214967155643008
Lasbet,5,0.15599452033620265,0.041402149170578204,0.01003401146051565,10.851535910212483,0.6232534307770582
Lasbet,6,0.05808361216819946,0.041388827840655174,0.010033990817407388,10.851530605315755,0.6232538749816879
Lasbet,7,0.8661761457749352,0.04137122454078375,0.010033963488595083,10.851538300443822,0.6232532306314367
Lasbet,8,0.6011150117432088,0.04135949384540208,0.010033945244981734,10.85155273661739,0.6232520218207847
Lasbet,9,0.7080725777960455,0.04140629860983487,0.010034017883992219,10.851539518684255,0.6232531286222757
Marathonbet,0,0.01,0.04240136718750005,0.01198865273187259,13.596375686922658,0.40287022429384967
Marathonbet,1,0.9507143064099162,0.04240090642314344,0.011988652040761825,13.596375956967623,0.40287020448161165
Marathonbet,2,0.7319939418114051,0.0424242851151034,0.011988687177470368,13.602344886819838,0.40243241018302195
Marathonbet,3,0.5986584841970366,0.042431071052709865,0.011988697400568864,13.599369061750435,0.4026506424204802
Marathonbet,4,0.15601864044243652,0.04242194827645192,0.011988683659499467,13.602343335300937,0.40243252394753604
Marathonbet,5,0.15599452033620265,0.04241538994536944,0.011988673793262069,13.60233912795952,0.40243283244927613
Marathonbet,6,0.05808361216819946,0.042408552584555385,0.011988663518150934,13.59936733432069,0.40265076911963277
Marathonbet,7,0.8661761457749352,0.04242301741310968,0.011988685268780424,13.599368147150248,0.4026507095022611
Marathonbet,8,0.6011150117432088,0.042415407544008535,0.011988673819704488,13.602339138959588,0.40243283164270033
Marathonbet,9,0.7080725777960455,0.04241088522304674,0.011988667022391462,13.602336363498235,0.40243303515243634
NordicBet,0,0.01,0.04267851562500009,0.01771550481768714,11.84437274255615,0.5404448155915828
NordicBet,1,0.9507143064099162,0.04266696020090758,0.01771549483183392,11.844369557492605,0.5404450783442906
NordicBet,2,0.7319939418114051,0.04264454452264306,0.017715475443925835,11.838138149402727,0.5409591970903425
NordicBet,3,0.5986584841970366,0.04270100449704614,0.017715524234933815,11.844386929725776,0.5404436452174196
NordicBet,4,0.15601864044243652,0.04267010780830789,0.017715497552466104,11.844370148454265,0.5404450295927408
NordicBet,5,0.15599452033620265,0.04266351111235919,0.01771549185005612,11.844369147959567,0.5404451121288355
NordicBet,6,0.05808361216819946,0.042660824913772225,0.017715489527648343,11.850711574943793,0.5399219510795323
NordicBet,7,0.8661761457749352,0.04265061069360087,0.017715480693059133,11.844369825243358,0.5404450562561163
NordicBet,8,0.6011150117432088,0.042614446175521514,0.017715449375332447,11.83812042206705,0.5409606598361453
NordicBet,9,0.7080725777960455,0.04264253006050983,0.01771547370044028,11.838136375433075,0.5409593434668751
Pinnacle,0,0.01,0.013389453125000002,0.011222679834076812,10.04273679124173,0.6904359483116571
Pinnacle,1,0.9507143064099162,0.01331719563727228,0.011222671374418671,10.043156650048392,0.6904015428776596
Pinnacle,2,0.7319939418114051,0.01335763847184889,0.011222676059284752,10.042724956180693,0.6904369181286927
Pinnacle,3,0.5986584841970366,0.013318543547962636,0.01122267152853268,10.043156030667067,0.6904015936335228
Pinnacle,4,0.15601864044243652,0.013312625692048436,0.011222670852969272,10.043158970513193,0.6904013527246838
Pinnacle,5,0.15599452033620265,0.013310567592163588,0.011222670618772496,10.043160126773893,0.6904012579736536
Pinnacle,6,0.05808361216819946,0.013361499689786133,0.011222676513258653,10.042725513118253,0.690436872490788
Pinnacle,7,0.8661761457749352,0.013322533492144902,0.011222671985459938,10.043154370904258,0.6904017296445486
Pinnacle,8,0.6011150117432088,0.013318160965746447,0.011222671484776915,10.043156203457006,0.6904015794740674
Pinnacle,9,0.7080725777960455,0.013377921536669276,0.011222678456653035,10.0427305956357,0.6904364560069753
Suprabets,0,0.01,0.035527734375000036,0.00991731555601649,13.223303657616436,0.4307148630378135
Suprabets,1,0.9507143064099162,0.035555751811592685,0.0099173610089814,13.22329408379495,0.430715589372873
Suprabets,2,0.7319939418114051,0.03557904269599725,0.009917398682356464,13.22331313028087,0.4307141443777896
Suprabets,3,0.5986584841970366,0.03557311730193282,0.009917389107550337,13.223305962225504,0.43071468819461906
Suprabets,4,0.15601864044243652,0.03553823521474354,0.009917332608836642,13.223295908160198,0.43071545096410163
Suprabets,5,0.15599452033620265,0.03553274108912949,0.009917323689124078,13.223299340059615,0.43071519059689795
Suprabets,6,0.05808361216819946,0.03552062462106428,0.009917303998274079,13.210579171233498,0.43168074422455704
Suprabets,7,0.8661761457749352,0.03555451125716029,0.009917358999643498,13.223293756541045,0.43071561420058513
Suprabets,8,0.6011150117432088,0.035562424910435916,0.009917371813235975,13.22329703718975,0.43071536530824156
Suprabets,9,0.7080725777960455,0.035523556953975674,0.009917308766180088,13.223308128849053,0.430714523819968
VOBET,0,0.01,0.03431796875000004,0.009936329089747419,12.101631295647008,0.5193282213367075
VOBET,1,0.9507143064099162,0.03429047315856122,0.009936302489491868,12.0876501251845,0.5204699751215961
VOBET,2,0.7319939418114051,0.03429948297349493,0.009936311210975905,12.101621945204192,0.5193289846864086
VOBET,3,0.5986584841970366,0.034309956669688474,0.009936321343273366,12.10162539689208,0.5193287028981209
VOBET,4,0.15601864044243652,0.03430829334465416,0.009936319734589144,12.10162452632647,0.5193287739691987
VOBET,5,0.15599452033620265,0.03430298936509239,0.009936314603844027,12.101622563279827,0.5193289342280554
VOBET,6,0.05808361216819946,0.034288616753590365,0.009936300691929113,12.101623466132377,0.5193288605211356
VOBET,7,0.8661761457749352,0.0343018230385239,0.009936313475330201,12.101622297641523,0.5193289559141898
VOBET,8,0.6011150117432088,0.034302886436733224,0.009936314504160746,12.101622537429137,0.5193289363384493
VOBET,9,0.7080725777960455,0.03431066285632869,0.009936322026214249,12.101625803313798,0.5193286697187394
Vulkan Bet,0,0.01,0.01831992187500002,0.01568272815407577,10.237666951315466,0.6743935787901305
Vulkan Bet,1,0.9507143064099162,0.018330728112480578,0.015682741019596328,10.237661482245256,0.6743940306703993
Vulkan Bet,2,0.7319939418114051,0.018347653325420342,0.015682761156831978,10.237657066476386,0.6743943955218972
Vulkan Bet,3,0.5986584841970366,0.018366070586962796,0.01568278305074165,10.240615034148968,0.6741499809643546
Vulkan Bet,4,0.15601864044243652,0.018326857583611363,0.01568273641206346,10.237663203612332,0.6743938884429763
Vulkan Bet,5,0.15599452033620265,0.0183240242955467,0.015682733038987373,10.237664631713457,0.6743937704465548
Vulkan Bet,6,0.05808361216819946,0.018332072867812785,0.015682742620136518,10.237660946211903,0.6743940749599879
Vulkan Bet,7,0.8661761457749352,0.01837082207613295,0.015682788695955376,10.237659222292388,0.6743942173982935
Vulkan Bet,8,0.6011150117432088,0.01836585403921043,0.015682782793305376,10.237657962671953,0.6743943214740287
Vulkan Bet,9,0.7080725777960455,0.018348345558418442,0.015682761979981537,10.23474275666765,0.6746351763413934
